HIV-1 protein,Human protein,"* all interactions taken as synonyms of uniprot accessions listed in PPIs from the following databases: VirusMentha, VirHostNet2.0, HPIDB"
vif,Probable 28S rRNA,"* all interactions screened through ~4,700 PubMed abstracts containing the search terms ""hiv-1"" and ""human"""
vif,DNA dC->dU-editing enzyme APOBEC-3A,
vif,DNA dC->dU-editing enzyme APOBEC-3F,
rev,Probable 28S rRNA,
rev,DNA dC->dU-editing enzyme APOBEC-3A,
rev,DNA dC->dU-editing enzyme APOBEC-3F,
tat,Probable 28S rRNA,
tat,DNA dC->dU-editing enzyme APOBEC-3A,
tat,DNA dC->dU-editing enzyme APOBEC-3F,
v 1,Probable 28S rRNA,
v 1,DNA dC->dU-editing enzyme APOBEC-3A,
v 1,DNA dC->dU-editing enzyme APOBEC-3F,
rev,"Leucine-rich PPR motif-containing protein, mitochondrial",
tat,"Leucine-rich PPR motif-containing protein, mitochondrial",
rev,Lysine--tRNA ligase,
rev,O-phosphoseryl-tRNA,
rnase h,Lysine--tRNA ligase,
rnase h,O-phosphoseryl-tRNA,
gag,Lysine--tRNA ligase,
gag,O-phosphoseryl-tRNA,
gag pol,Lysine--tRNA ligase,
gag pol,O-phosphoseryl-tRNA,
tat,Lysine--tRNA ligase,
tat,O-phosphoseryl-tRNA,
v 1,Lysine--tRNA ligase,
v 1,O-phosphoseryl-tRNA,
gag,HSP90AB1 protein,
rev,HSP90AB1 protein,
env,HSP90AB1 protein,
v 1,HSP90AB1 protein,
vif,Cyclin-dependent kinase 1,
vif,Beta-2-glycoprotein 1,
vif,Nucleophosmin,
rev,Cyclin-dependent kinase 1,
rev,Beta-2-glycoprotein 1,
rev,Nucleophosmin,
gag,Cyclin-dependent kinase 1,
gag,Beta-2-glycoprotein 1,
gag,Nucleophosmin,
src,Cyclin-dependent kinase 1,
src,Beta-2-glycoprotein 1,
src,Nucleophosmin,
tat,Cyclin-dependent kinase 1,
tat,Beta-2-glycoprotein 1,
tat,Nucleophosmin,
env,Cyclin-dependent kinase 1,
env,Beta-2-glycoprotein 1,
env,Nucleophosmin,
v 1,Cyclin-dependent kinase 1,
v 1,Beta-2-glycoprotein 1,
v 1,Nucleophosmin,
tat,X-ray repair cross-complementing protein 6,
gag pol,X-ray repair cross-complementing protein 6,
rev,X-ray repair cross-complementing protein 6,
v 1,X-ray repair cross-complementing protein 6,
rev,Non-POU domain-containing octamer-binding protein,
rev,Protein C-ets-1,
rev,Cytoskeleton-associated protein 4,
rev,Sequestosome-1,
rnase h,Non-POU domain-containing octamer-binding protein,
rnase h,Protein C-ets-1,
rnase h,Cytoskeleton-associated protein 4,
rnase h,Sequestosome-1,
gag pol,Non-POU domain-containing octamer-binding protein,
gag pol,Protein C-ets-1,
gag pol,Cytoskeleton-associated protein 4,
gag pol,Sequestosome-1,
tat,Non-POU domain-containing octamer-binding protein,
tat,Protein C-ets-1,
tat,Cytoskeleton-associated protein 4,
tat,Sequestosome-1,
gag pol,PC4 and SFRS1-interacting protein,
gag pol,"cDNA, FLJ96345, Homo sapiens SET translocation",
tat,PC4 and SFRS1-interacting protein,
tat,"cDNA, FLJ96345, Homo sapiens SET translocation",
env,PC4 and SFRS1-interacting protein,
env,"cDNA, FLJ96345, Homo sapiens SET translocation",
rev,TNFAIP3-interacting protein 1,
nef,TNFAIP3-interacting protein 1,
tat,TNFAIP3-interacting protein 1,
v 1,TNFAIP3-interacting protein 1,
rev,Phosphatidylinositol 5-phosphate 4-kinase type-2 alpha,
tat,Phosphatidylinositol 5-phosphate 4-kinase type-2 alpha,
v 1,Phosphatidylinositol 5-phosphate 4-kinase type-2 alpha,
gag,X-ray repair cross-complementing protein 6,
rev,Ribonuclease inhibitor,
tat,Ribonuclease inhibitor,
v 1,Ribonuclease inhibitor,
rnase h,TNFAIP3-interacting protein 1,
tat,Amyloid beta A4 protein,
tat,DNA dC->dU-editing enzyme APOBEC-3G,
tat,Single-stranded DNA cytosine deaminase,
rev,Amyloid beta A4 protein,
rev,DNA dC->dU-editing enzyme APOBEC-3G,
rev,Single-stranded DNA cytosine deaminase,
v 1,Amyloid beta A4 protein,
v 1,DNA dC->dU-editing enzyme APOBEC-3G,
v 1,Single-stranded DNA cytosine deaminase,
rev,ATP-dependent RNA helicase DDX1,
tat,ATP-dependent RNA helicase DDX1,
v 1,ATP-dependent RNA helicase DDX1,
rev,Gem-associated protein 4,
vif,Gem-associated protein 4,
tat,Gem-associated protein 4,
v 1,Gem-associated protein 4,
env,Interleukin-8,
gag,Interleukin-8,
rev,Interleukin-8,
tat,Interleukin-8,
v 1,Interleukin-8,
vif,DNA dC->dU-editing enzyme APOBEC-3C,
vif,DNA dC->dU-editing enzyme APOBEC-3G,
rev,DNA dC->dU-editing enzyme APOBEC-3C,
v 1,DNA dC->dU-editing enzyme APOBEC-3C,
rev,Procollagen galactosyltransferase 1,
tat,Procollagen galactosyltransferase 1,
v 1,Procollagen galactosyltransferase 1,
rev,Deoxynucleoside triphosphate triphosphohydrolase SAMHD1,
tat,Deoxynucleoside triphosphate triphosphohydrolase SAMHD1,
v 1,Deoxynucleoside triphosphate triphosphohydrolase SAMHD1,
vif,Elongin-B,
vif,Elongin-C,
rev,Elongin-B,
rev,Elongin-C,
tat,Elongin-B,
tat,Elongin-C,
v 1,Elongin-B,
v 1,Elongin-C,
rev,Histone H3.1t,
vpu,Histone H3.1t,
gag,Histone H3.1t,
v 1,Histone H3.1t,
nef,"cDNA, FLJ96345, Homo sapiens SET translocation",
vif,"cDNA, FLJ96345, Homo sapiens SET translocation",
v 1,"cDNA, FLJ96345, Homo sapiens SET translocation",
vif,Proliferating cell nuclear antigen,
rev,Proliferating cell nuclear antigen,
rex,Proliferating cell nuclear antigen,
nef,Proliferating cell nuclear antigen,
tat,Proliferating cell nuclear antigen,
v 1,Proliferating cell nuclear antigen,
tax 1,Proliferating cell nuclear antigen,
tax,Proliferating cell nuclear antigen,
nef,Beta-2-glycoprotein 1,
vpu,Beta-2-glycoprotein 1,
tat,Histone H3.1t,
rev,Low-density lipoprotein receptor,
rev,Prolow-density lipoprotein receptor-related protein 1,
env,Low-density lipoprotein receptor,
env,Prolow-density lipoprotein receptor-related protein 1,
rev,"cDNA, FLJ96345, Homo sapiens SET translocation",
nef,DNA dC->dU-editing enzyme APOBEC-3F,
nef,DNA dC->dU-editing enzyme APOBEC-3G,
rev,Glyceraldehyde-3-phosphate dehydrogenase,
tat,Glyceraldehyde-3-phosphate dehydrogenase,
v 1,Glyceraldehyde-3-phosphate dehydrogenase,
gag,Nuclear pore complex protein Nup214,
gag,Transportin-1,
rev,Nuclear pore complex protein Nup214,
rev,Transportin-1,
nef,Nuclear pore complex protein Nup214,
nef,Interleukin-8,
nef,Transportin-1,
env,Nuclear pore complex protein Nup214,
env,Transportin-1,
tat,Nuclear pore complex protein Nup214,
tat,Transportin-1,
tax,Nuclear pore complex protein Nup214,
tax,Interleukin-8,
tax,Transportin-1,
v 1,Nuclear pore complex protein Nup214,
v 1,Transportin-1,
gag,"cDNA, FLJ96345, Homo sapiens SET translocation",
rex,Interleukin-8,
rex,"cDNA, FLJ96345, Homo sapiens SET translocation",
src,Interleukin-8,
src,"cDNA, FLJ96345, Homo sapiens SET translocation",
tat,E3 ubiquitin-protein ligase Mdm2,
tat,Interferon regulatory factor 1,
rev,E3 ubiquitin-protein ligase Mdm2,
rev,Interferon regulatory factor 1,
v 1,E3 ubiquitin-protein ligase Mdm2,
v 1,Interferon regulatory factor 1,
nef,DNA dC->dU-editing enzyme APOBEC-3C,
vif,Amyloid beta A4 protein,
vif,Single-stranded DNA cytosine deaminase,
gag,Amyloid beta A4 protein,
gag,Single-stranded DNA cytosine deaminase,
rev,Bone marrow stromal antigen 2,
vif,Bone marrow stromal antigen 2,
vpu,Bone marrow stromal antigen 2,
env,Bone marrow stromal antigen 2,
v 1,Bone marrow stromal antigen 2,
tat,Bone marrow stromal antigen 2,
vif,HSP90AB1 protein,
tat,HSP90AB1 protein,
gag pol,SWI/SNF-related matrix-associated actin-dependent regulator of chromatin subfamily B member 1,
rev,SWI/SNF-related matrix-associated actin-dependent regulator of chromatin subfamily B member 1,
rnase h,SWI/SNF-related matrix-associated actin-dependent regulator of chromatin subfamily B member 1,
gag,SWI/SNF-related matrix-associated actin-dependent regulator of chromatin subfamily B member 1,
vpr,SWI/SNF-related matrix-associated actin-dependent regulator of chromatin subfamily B member 1,
tat,SWI/SNF-related matrix-associated actin-dependent regulator of chromatin subfamily B member 1,
v 1,SWI/SNF-related matrix-associated actin-dependent regulator of chromatin subfamily B member 1,
gag,Mothers against decapentaplegic homolog 3,
rev,Mothers against decapentaplegic homolog 3,
tat,Mothers against decapentaplegic homolog 3,
rev,PC4 and SFRS1-interacting protein,
v 1,PC4 and SFRS1-interacting protein,
env,O-phosphoseryl-tRNA,
env,MyoD family inhibitor domain-containing protein,
rev,MyoD family inhibitor domain-containing protein,
tat,MyoD family inhibitor domain-containing protein,
v 1,MyoD family inhibitor domain-containing protein,
env,DNA dC->dU-editing enzyme APOBEC-3G,
gag pol,Interleukin-8,
rev,Small ubiquitin-related modifier 1,
nep,Small ubiquitin-related modifier 1,
gag,Small ubiquitin-related modifier 1,
tat,Small ubiquitin-related modifier 1,
v 1,Small ubiquitin-related modifier 1,
rev,"POU domain, class 2, transcription factor 1",
rex,"POU domain, class 2, transcription factor 1",
nef,"POU domain, class 2, transcription factor 1",
vpr,"POU domain, class 2, transcription factor 1",
tat,"POU domain, class 2, transcription factor 1",
v 1,"POU domain, class 2, transcription factor 1",
gag,"POU domain, class 2, transcription factor 1",
rev,Cyclin-T1,
nef,Cyclin-T1,
vif,Cyclin-T1,
rev,78 kDa glucose-regulated protein,
tat,78 kDa glucose-regulated protein,
env,TNFAIP3-interacting protein 1,
env,78 kDa glucose-regulated protein,
v 1,78 kDa glucose-regulated protein,
rev,Peptidyl-prolyl cis-trans isomerase A,
gag,Peptidyl-prolyl cis-trans isomerase A,
tat,Peptidyl-prolyl cis-trans isomerase A,
env,Peptidyl-prolyl cis-trans isomerase A,
v 1,Peptidyl-prolyl cis-trans isomerase A,
gag pol,Cyclin-dependent kinase 1,
gag pol,Proliferating cell nuclear antigen,
gag,Polyadenylate-binding protein 1,
rev,Polyadenylate-binding protein 1,
env,Polyadenylate-binding protein 1,
tat,Polyadenylate-binding protein 1,
v 1,Polyadenylate-binding protein 1,
rev,FACT complex subunit SSRP1,
rev,FACT complex subunit SPT16,
nef,FACT complex subunit SSRP1,
nef,FACT complex subunit SPT16,
nef,PC4 and SFRS1-interacting protein,
vif,FACT complex subunit SSRP1,
vif,FACT complex subunit SPT16,
vif,PC4 and SFRS1-interacting protein,
tat,FACT complex subunit SSRP1,
tat,FACT complex subunit SPT16,
v 1,FACT complex subunit SSRP1,
v 1,FACT complex subunit SPT16,
tat,Cyclin-T1,
rev,Serine/threonine-protein kinase PAK 2,
gag,Serine/threonine-protein kinase PAK 2,
tat,Serine/threonine-protein kinase PAK 2,
rev,Histone deacetylase 6,
gag,TNFAIP3-interacting protein 1,
env,Amyloid beta A4 protein,
env,Single-stranded DNA cytosine deaminase,
rev,ATP-dependent RNA helicase A,
nef,ATP-dependent RNA helicase A,
gag,ATP-dependent RNA helicase A,
v 1,ATP-dependent RNA helicase A,
nef,Membrane-associated progesterone receptor component 1,
rev,Membrane-associated progesterone receptor component 1,
v 1,Membrane-associated progesterone receptor component 1,
gag,"Isocitrate dehydrogenase [NAD] subunit alpha, mitochondrial",
gag,Poly [ADP-ribose] polymerase 1,
gag,NADH-cytochrome b5 reductase 1,
rev,"Isocitrate dehydrogenase [NAD] subunit alpha, mitochondrial",
rev,Poly [ADP-ribose] polymerase 1,
rev,NADH-cytochrome b5 reductase 1,
env,"Isocitrate dehydrogenase [NAD] subunit alpha, mitochondrial",
env,Poly [ADP-ribose] polymerase 1,
env,NADH-cytochrome b5 reductase 1,
v 1,"Isocitrate dehydrogenase [NAD] subunit alpha, mitochondrial",
v 1,Poly [ADP-ribose] polymerase 1,
v 1,NADH-cytochrome b5 reductase 1,
rev,Prosaposin,
vpr,Prosaposin,
tat,Prosaposin,
v 1,Prosaposin,
gag pol,Peptidyl-prolyl cis-trans isomerase A,
gag pol,TNFAIP3-interacting protein 1,
tat,Sorbin and SH3 domain-containing protein 1,
rev,Sorbin and SH3 domain-containing protein 1,
gag pro,Sorbin and SH3 domain-containing protein 1,
gag,Sorbin and SH3 domain-containing protein 1,
v 1,Sorbin and SH3 domain-containing protein 1,
rnase h,"cDNA, FLJ96345, Homo sapiens SET translocation",
nef,Bone marrow stromal antigen 2,
rev,Transmembrane emp24 domain-containing protein 2,
gag,Transmembrane emp24 domain-containing protein 2,
tat,Transmembrane emp24 domain-containing protein 2,
env,Transmembrane emp24 domain-containing protein 2,
nef,Alpha-,
rev,Furin,
tat,Furin,
gag,PC4 and SFRS1-interacting protein,
vif,TNFAIP3-interacting protein 1,
v 1,Furin,
v 1,Ribosomal RNA small subunit methyltransferase NEP1,
rev,Ribosomal RNA small subunit methyltransferase NEP1,
gag pol,HSP90AB1 protein,
gag pol,Ribosomal RNA small subunit methyltransferase NEP1,
tat,Ribosomal RNA small subunit methyltransferase NEP1,
gag pro,Amyloid beta A4 protein,
gag pro,Single-stranded DNA cytosine deaminase,
gag pol,Amyloid beta A4 protein,
gag pol,Single-stranded DNA cytosine deaminase,
rnase h,Amyloid beta A4 protein,
rnase h,Single-stranded DNA cytosine deaminase,
rev,Annexin A2,
gag,Annexin A2,
tat,Annexin A2,
v 1,Annexin A2,
nef,Probable 28S rRNA,
rev,"Interferon-induced, double-stranded RNA-activated protein kinase",
tat,"Interferon-induced, double-stranded RNA-activated protein kinase",
v 1,"Interferon-induced, double-stranded RNA-activated protein kinase",
tax,Amyloid beta A4 protein,
tax,Single-stranded DNA cytosine deaminase,
rev,Tyrosine-protein kinase HCK,
nef,Tyrosine-protein kinase HCK,
nef,Serine/threonine-protein kinase PAK 2,
tat,Tyrosine-protein kinase HCK,
v 1,Tyrosine-protein kinase HCK,
v 1,Serine/threonine-protein kinase PAK 2,
tat,DNA dC->dU-editing enzyme APOBEC-3C,
nef,Amyloid beta A4 protein,
nef,Single-stranded DNA cytosine deaminase,
vpu,Sorbin and SH3 domain-containing protein 1,
gag pol,DNA dC->dU-editing enzyme APOBEC-3G,
vif,"POU domain, class 2, transcription factor 1",
env,"POU domain, class 2, transcription factor 1",
vif,Nuclear pore complex protein Nup214,
vif,Reticulon-3,
rev,Reticulon-3,
nef,Reticulon-3,
tat,Reticulon-3,
v 1,Reticulon-3,
vif,Transmembrane emp24 domain-containing protein 2,
v 1,Transmembrane emp24 domain-containing protein 2,
rev,60S ribosomal protein L17,
rex,Histone H3.1t,
gag pol,"POU domain, class 2, transcription factor 1",
gag pol,Histone H3.1t,
env,Histone H3.1t,
vpu,DNA dC->dU-editing enzyme APOBEC-3G,
rex,Amyloid beta A4 protein,
rex,Single-stranded DNA cytosine deaminase,
rev,Protein disulfide-isomerase,
gag pro,Protein disulfide-isomerase,
gag,Protein disulfide-isomerase,
v 1,Protein disulfide-isomerase,
vif,Interleukin-8,
rev,Hepatocyte growth factor-regulated tyrosine kinase substrate,
nef,Hepatocyte growth factor-regulated tyrosine kinase substrate,
gag,Hepatocyte growth factor-regulated tyrosine kinase substrate,
gag pol,Hepatocyte growth factor-regulated tyrosine kinase substrate,
tat,Hepatocyte growth factor-regulated tyrosine kinase substrate,
env,Hepatocyte growth factor-regulated tyrosine kinase substrate,
v 1,Hepatocyte growth factor-regulated tyrosine kinase substrate,
gag pro,Peptidyl-prolyl cis-trans isomerase A,
env,Proprotein convertase subtilisin/kexin type 5,
rev,Proprotein convertase subtilisin/kexin type 5,
gag pol,Proprotein convertase subtilisin/kexin type 5,
vif,Proprotein convertase subtilisin/kexin type 5,
vpr,Proprotein convertase subtilisin/kexin type 5,
gag pro,Transmembrane emp24 domain-containing protein 2,
vpr,Bone marrow stromal antigen 2,
gag,Bone marrow stromal antigen 2,
v 1,Mothers against decapentaplegic homolog 3,
rev,Transferrin receptor protein 1,
gag pol,Transferrin receptor protein 1,
tat,Transferrin receptor protein 1,
vif,Nuclease-sensitive element-binding protein 1,
rev,Nuclease-sensitive element-binding protein 1,
tat,Nuclease-sensitive element-binding protein 1,
v 1,Nuclease-sensitive element-binding protein 1,
rev,DDB1- and CUL4-associated factor 1,
vif,DDB1- and CUL4-associated factor 1,
vpr,DDB1- and CUL4-associated factor 1,
v 1,DDB1- and CUL4-associated factor 1,
gag pro,O-phosphoseryl-tRNA,
gag pro,Histone H3.1t,
env,Procollagen galactosyltransferase 1,
rev,Phosphofurin acidic cluster sorting protein 1,
nef,Phosphofurin acidic cluster sorting protein 1,
vif,Phosphofurin acidic cluster sorting protein 1,
tat,Phosphofurin acidic cluster sorting protein 1,
v 1,Phosphofurin acidic cluster sorting protein 1,
vif,E3 ubiquitin-protein ligase RBX1,
vif,RING-box protein 2,
v 1,E3 ubiquitin-protein ligase RBX1,
v 1,RING-box protein 2,
gag,Proliferating cell nuclear antigen,
gag pol,Beta-2-glycoprotein 1,
rex,Small ubiquitin-related modifier 1,
vpu,"cDNA, FLJ96345, Homo sapiens SET translocation",
vpu,"POU domain, class 2, transcription factor 1",
vpx,Deoxynucleoside triphosphate triphosphohydrolase SAMHD1,
v 1,Cyclin-T1,
vif,SWI/SNF-related matrix-associated actin-dependent regulator of chromatin subfamily B member 1,
nef,60S ribosomal protein L17,
tat,Protein disulfide-isomerase,
rex,Bone marrow stromal antigen 2,
rex,Prosaposin,
env,Prosaposin,
rev,Methyl-CpG-binding domain protein 2,
v 1,Methyl-CpG-binding domain protein 2,
vif,DNA dC->dU-editing enzyme APOBEC-3B,
rev,DNA dC->dU-editing enzyme APOBEC-3B,
tat,DNA dC->dU-editing enzyme APOBEC-3B,
v 1,DNA dC->dU-editing enzyme APOBEC-3B,
rev,All-trans retinoic acid-induced differentiation factor,
rev,SUMO-conjugating enzyme UBC9,
nef,All-trans retinoic acid-induced differentiation factor,
nef,SUMO-conjugating enzyme UBC9,
gag,All-trans retinoic acid-induced differentiation factor,
gag,SUMO-conjugating enzyme UBC9,
tat,All-trans retinoic acid-induced differentiation factor,
tat,SUMO-conjugating enzyme UBC9,
gag,DNA dC->dU-editing enzyme APOBEC-3F,
gag,DNA dC->dU-editing enzyme APOBEC-3G,
gag pol,Tyrosine-protein kinase ABL1,
rev,Tyrosine-protein kinase ABL1,
rnase h,Tyrosine-protein kinase ABL1,
gag,Tyrosine-protein kinase ABL1,
tat,Tyrosine-protein kinase ABL1,
v 1,Tyrosine-protein kinase ABL1,
vpx,Proliferating cell nuclear antigen,
vpr,"cDNA, FLJ96345, Homo sapiens SET translocation",
vpx,"cDNA, FLJ96345, Homo sapiens SET translocation",
rev,E3 ubiquitin-protein ligase RBX1,
nef,Deoxynucleoside triphosphate triphosphohydrolase SAMHD1,
nef,E3 ubiquitin-protein ligase RBX1,
tat,E3 ubiquitin-protein ligase RBX1,
vif,Polyadenylate-binding protein 1,
rev,RING-box protein 2,
nef,Polyadenylate-binding protein 1,
nef,Elongin-B,
nef,Elongin-C,
nef,RING-box protein 2,
tat,RING-box protein 2,
nef,Cell division control protein 6 homolog,
nef,Docking protein 1,
tat,Cell division control protein 6 homolog,
tat,Docking protein 1,
env,Cell division control protein 6 homolog,
env,Docking protein 1,
v 1,Cell division control protein 6 homolog,
v 1,Docking protein 1,
rev,DNA-dependent protein kinase catalytic subunit,
tat,DNA-dependent protein kinase catalytic subunit,
v 1,DNA-dependent protein kinase catalytic subunit,
gag pol,Probable 28S rRNA,
rex,Peptidyl-prolyl cis-trans isomerase A,
nef,DDB1- and CUL4-associated factor 1,
vpr,DNA dC->dU-editing enzyme APOBEC-3G,
gag,DDB1- and CUL4-associated factor 1,
tat,DDB1- and CUL4-associated factor 1,
tat,60S ribosomal protein L17,
v 1,60S ribosomal protein L17,
gag pol,Transmembrane emp24 domain-containing protein 2,
vif,Cullin-5,
rev,Cullin-5,
nef,Cullin-5,
v 1,Cullin-5,
rex,Beta-2-glycoprotein 1,
rev,Synaptic functional regulator FMR1,
rex,Synaptic functional regulator FMR1,
nef,Synaptic functional regulator FMR1,
vif,Synaptic functional regulator FMR1,
v 1,Synaptic functional regulator FMR1,
rex,PC4 and SFRS1-interacting protein,
tat,Integral membrane protein 2B,
gag pol,Integral membrane protein 2B,
rev,Integral membrane protein 2B,
v 1,Integral membrane protein 2B,
nep,"POU domain, class 2, transcription factor 1",
rev,Gamma-interferon-inducible protein 16,
nef,Prosaposin,
rev,Myosin-9,
nef,Myosin-9,
tat,Myosin-9,
v 1,Myosin-9,
gag pro,TNFAIP3-interacting protein 1,
rnase h,Beta-2-glycoprotein 1,
rev,DNA damage-binding protein 1,
nef,DNA damage-binding protein 1,
vpr,DNA damage-binding protein 1,
vpr,E3 ubiquitin-protein ligase RBX1,
tat,DNA damage-binding protein 1,
v 1,DNA damage-binding protein 1,
vpr,Transcription factor AP-1,
v 1,Transcription factor AP-1,
v 1,"60 kDa heat shock protein, mitochondrial",
rev,"60 kDa heat shock protein, mitochondrial",
gag pol,"60 kDa heat shock protein, mitochondrial",
tat,"60 kDa heat shock protein, mitochondrial",
rnase h,Prosaposin,
vif,O-phosphoseryl-tRNA,
gag pol,Probable dimethyladenosine transferase,
rev,Probable dimethyladenosine transferase,
env,Probable dimethyladenosine transferase,
v 1,Probable dimethyladenosine transferase,
rev,Protein LYRIC,
rex,Protein LYRIC,
vif,Protein LYRIC,
tat,Protein LYRIC,
v 1,Protein LYRIC,
gag pro,Bone marrow stromal antigen 2,
vpu,Transcription factor AP-1,
rev,Transcription factor AP-1,
vif,Transcription factor AP-1,
tat,Transcription factor AP-1,
env,Transcription factor AP-1,
gag pol,Prosaposin,
nef,HSP90AB1 protein,
rnase h,Transmembrane emp24 domain-containing protein 2,
vpu,78 kDa glucose-regulated protein,
vif,60S ribosomal protein L17,
tat,Heterogeneous nuclear ribonucleoprotein A1,
rev,Heterogeneous nuclear ribonucleoprotein A1,
vif,Heterogeneous nuclear ribonucleoprotein A1,
v 1,Heterogeneous nuclear ribonucleoprotein A1,
rev,Cathepsin B,
gag,Cathepsin B,
tat,Cathepsin B,
v 1,Cathepsin B,
env,Elongin-B,
env,Elongin-C,
rex,TNFAIP3-interacting protein 1,
gag,Integral membrane protein 2B,
nef,O-phosphoseryl-tRNA,
env,Sorbin and SH3 domain-containing protein 1,
rev,GTP-binding nuclear protein Ran,
nef,GTP-binding nuclear protein Ran,
gag,GTP-binding nuclear protein Ran,
tat,GTP-binding nuclear protein Ran,
v 1,GTP-binding nuclear protein Ran,
rev,Cyclin-A2,
vif,Deoxynucleoside triphosphate triphosphohydrolase SAMHD1,
vif,Cyclin-A2,
tat,Cyclin-A2,
vif,Prosaposin,
gag,Prosaposin,
gag,Elongin-B,
gag,Elongin-C,
rev,Squamous cell carcinoma antigen recognized by T-cells 3,
tat,Squamous cell carcinoma antigen recognized by T-cells 3,
gag,Furin,
gag,Squamous cell carcinoma antigen recognized by T-cells 3,
v 1,Squamous cell carcinoma antigen recognized by T-cells 3,
rex,DNA dC->dU-editing enzyme APOBEC-3G,
rev,Heterogeneous nuclear ribonucleoproteins A2/B1,
v 1,Heterogeneous nuclear ribonucleoproteins A2/B1,
env,Peptidyl-prolyl cis-trans isomerase C,
gag,Peptidyl-prolyl cis-trans isomerase C,
rev,Peptidyl-prolyl cis-trans isomerase C,
nef,Peptidyl-prolyl cis-trans isomerase C,
src,Peptidyl-prolyl cis-trans isomerase C,
vif,Peptidyl-prolyl cis-trans isomerase C,
vpu,Peptidyl-prolyl cis-trans isomerase C,
v 1,Peptidyl-prolyl cis-trans isomerase C,
gag pol,Nuclear pore complex protein Nup153,
rev,Nuclear pore complex protein Nup153,
gag,Nuclear pore complex protein Nup153,
tat,Nuclear pore complex protein Nup153,
v 1,Nuclear pore complex protein Nup153,
rev,DnaJ homolog subfamily B member 1,
nef,DnaJ homolog subfamily B member 1,
tat,DnaJ homolog subfamily B member 1,
v 1,DnaJ homolog subfamily B member 1,
vif,S-phase kinase-associated protein 1,
rev,S-phase kinase-associated protein 1,
v 1,S-phase kinase-associated protein 1,
vif,Serine/threonine-protein kinase PAK 2,
gag,Probable 28S rRNA,
gag pol,GTP-binding nuclear protein Ran,
rev,"Stress-70 protein, mitochondrial",
nef,"Stress-70 protein, mitochondrial",
tat,"Stress-70 protein, mitochondrial",
v 1,"Stress-70 protein, mitochondrial",
rex,Cyclin-dependent kinase 1,
gag,Nuclease-sensitive element-binding protein 1,
nef,Mitogen-activated protein kinase kinase kinase 5,
v 1,Mitogen-activated protein kinase kinase kinase 5,
nef,DNA dC->dU-editing enzyme APOBEC-3A,
rnase h,Nuclear pore complex protein Nup214,
rnase h,DNA dC->dU-editing enzyme APOBEC-3G,
rev,Annexin A6,
rev,"KH domain-containing, RNA-binding, signal transduction-associated protein 1",
tat,Annexin A6,
tat,"KH domain-containing, RNA-binding, signal transduction-associated protein 1",
v 1,Annexin A6,
v 1,"KH domain-containing, RNA-binding, signal transduction-associated protein 1",
vif,Annexin A2,
gag,Heterogeneous nuclear ribonucleoprotein Q,
rex,Transmembrane emp24 domain-containing protein 2,
rex,Heterogeneous nuclear ribonucleoprotein Q,
rev,Heterogeneous nuclear ribonucleoprotein Q,
nef,Transmembrane emp24 domain-containing protein 2,
nef,Heterogeneous nuclear ribonucleoprotein Q,
env,Heterogeneous nuclear ribonucleoprotein Q,
v 1,Heterogeneous nuclear ribonucleoprotein Q,
env,Mitogen-activated protein kinase 3,
gag,Mitogen-activated protein kinase 3,
rev,Mitogen-activated protein kinase 3,
vif,Mitogen-activated protein kinase 3,
v 1,Mitogen-activated protein kinase 3,
env,60S ribosomal protein L17,
v 1,All-trans retinoic acid-induced differentiation factor,
gag pol,Nuclear pore complex protein Nup98-Nup96,
rev,Nuclear pore complex protein Nup98-Nup96,
v 1,Nuclear pore complex protein Nup98-Nup96,
gag pro,Prosaposin,
vpr,HSP90AB1 protein,
tat,Mitogen-activated protein kinase 3,
nef,Peptidyl-prolyl cis-trans isomerase A,
nef,Small ubiquitin-related modifier 1,
tat,E3 SUMO-protein ligase RanBP2,
rev,E3 SUMO-protein ligase RanBP2,
gag,E3 SUMO-protein ligase RanBP2,
env,E3 SUMO-protein ligase RanBP2,
rev,CD320 antigen,
rev,B-cell receptor-associated protein 31,
nef,CD320 antigen,
nef,B-cell receptor-associated protein 31,
env,All-trans retinoic acid-induced differentiation factor,
env,CD320 antigen,
env,B-cell receptor-associated protein 31,
tat,CD320 antigen,
tat,B-cell receptor-associated protein 31,
v 1,CD320 antigen,
v 1,B-cell receptor-associated protein 31,
gag pro,Beta-2-glycoprotein 1,
vif,Oxidoreductase HTATIP2,
tat,Oxidoreductase HTATIP2,
v 1,Oxidoreductase HTATIP2,
nef,Probable dimethyladenosine transferase,
tat,Probable dimethyladenosine transferase,
p19,Interleukin-8,
orf b,Interleukin-8,
orf b,Beta-2-glycoprotein 1,
orf b,Transportin-1,
src,HSP90AB1 protein,
vpx,Bone marrow stromal antigen 2,
vif,Histone H3.1t,
rev,Disks large homolog 4,
tat,Disks large homolog 4,
v 1,Disks large homolog 4,
vif,Mitogen-activated protein kinase 1,
rev,Mitogen-activated protein kinase 1,
tat,Mitogen-activated protein kinase 1,
rnase h,HSP90AB1 protein,
vif,Lysine--tRNA ligase,
tat,Transcription factor 7-like 2,
rev,Transcription factor 7-like 2,
gag,Transcription factor 7-like 2,
v 1,Transcription factor 7-like 2,
nef,Ribosomal RNA small subunit methyltransferase NEP1,
vif,Hepatocyte growth factor-regulated tyrosine kinase substrate,
vpu,Hepatocyte growth factor-regulated tyrosine kinase substrate,
rex,DDB1- and CUL4-associated factor 1,
v 1,Transcriptional repressor protein YY1,
rev,Transcriptional repressor protein YY1,
gag pro,Transcriptional repressor protein YY1,
gag pol,Transcriptional repressor protein YY1,
gag,Transcriptional repressor protein YY1,
tat,Transcriptional repressor protein YY1,
rev,Histone acetyltransferase KAT5,
tat,Histone acetyltransferase KAT5,
v 1,Histone acetyltransferase KAT5,
vpr,Peptidyl-prolyl cis-trans isomerase A,
env,Ribosomal RNA small subunit methyltransferase NEP1,
rev,C-X-C chemokine receptor type 4,
rex,C-X-C chemokine receptor type 4,
tat,C-X-C chemokine receptor type 4,
v 1,C-X-C chemokine receptor type 4,
rnase h,Probable 28S rRNA,
rex,Probable 28S rRNA,
vpr,Amyloid beta A4 protein,
vpr,Single-stranded DNA cytosine deaminase,
rev,CXXC-type zinc finger protein 1,
gag,CXXC-type zinc finger protein 1,
tat,CXXC-type zinc finger protein 1,
gag pol,"KH domain-containing, RNA-binding, signal transduction-associated protein 1",
gag,"KH domain-containing, RNA-binding, signal transduction-associated protein 1",
gag pro,"KH domain-containing, RNA-binding, signal transduction-associated protein 1",
rev,DNA-directed DNA/RNA polymerase mu,
rnase h,DNA-directed DNA/RNA polymerase mu,
gag,DNA-directed DNA/RNA polymerase mu,
tat,DNA-directed DNA/RNA polymerase mu,
v 1,DNA-directed DNA/RNA polymerase mu,
rev,Eukaryotic translation initiation factor 3 subunit D,
gag pol,Eukaryotic translation initiation factor 3 subunit D,
tat,Eukaryotic translation initiation factor 3 subunit D,
v 1,Eukaryotic translation initiation factor 3 subunit D,
vif,Transportin-1,
gag pol,E3 SUMO-protein ligase RanBP2,
v 1,E3 SUMO-protein ligase RanBP2,
gag,Tyrosine-protein phosphatase non-receptor type 23,
rev,Tyrosine-protein phosphatase non-receptor type 23,
gag pro,Tyrosine-protein phosphatase non-receptor type 23,
tat,Tyrosine-protein phosphatase non-receptor type 23,
env,Tyrosine-protein phosphatase non-receptor type 23,
v 1,Tyrosine-protein phosphatase non-receptor type 23,
nef,E3 SUMO-protein ligase RanBP2,
rev,Transmembrane emp24 domain-containing protein 9,
gag,Transmembrane emp24 domain-containing protein 9,
gag pro,Transmembrane emp24 domain-containing protein 9,
gag pol,Transmembrane emp24 domain-containing protein 9,
vif,Transmembrane emp24 domain-containing protein 9,
tat,Transmembrane emp24 domain-containing protein 9,
v 1,Transmembrane emp24 domain-containing protein 9,
rev,Importin subunit alpha-5,
rev,Importin subunit alpha-3,
vif,Importin subunit alpha-5,
vif,Importin subunit alpha-3,
vpr,Importin subunit alpha-5,
vpr,Importin subunit alpha-3,
env,Importin subunit alpha-5,
env,Importin subunit alpha-3,
v 1,Importin subunit alpha-5,
v 1,Importin subunit alpha-3,
rev,Magnesium transporter protein 1,
vpr,Magnesium transporter protein 1,
rev,Gelsolin,
gag pol,DNA repair protein RAD51 homolog 1,
nef,DNA repair protein RAD51 homolog 1,
rev,DNA repair protein RAD51 homolog 1,
v 1,DNA repair protein RAD51 homolog 1,
rex,"Stress-70 protein, mitochondrial",
env,AT-rich interactive domain-containing protein 1A,
gag,AT-rich interactive domain-containing protein 1A,
rev,AT-rich interactive domain-containing protein 1A,
tat,AT-rich interactive domain-containing protein 1A,
tat,Erythroid transcription factor,
rev,Erythroid transcription factor,
v 1,Erythroid transcription factor,
rev,Tumor suppressor ARF,
nef,Tumor suppressor ARF,
tat,Tumor suppressor ARF,
v 1,Tumor suppressor ARF,
v 1,SUMO-conjugating enzyme UBC9,
vif,Methyl-CpG-binding domain protein 2,
tat,Methyl-CpG-binding domain protein 2,
gag pro pol,"cDNA, FLJ96345, Homo sapiens SET translocation",
gag pro,"cDNA, FLJ96345, Homo sapiens SET translocation",
nef,Mitogen-activated protein kinase 1,
nef,Protein disulfide-isomerase,
gag pro,Polyadenylate-binding protein 1,
gag pro,Mitogen-activated protein kinase 1,
gag,Mitogen-activated protein kinase 1,
gag pol,Polyadenylate-binding protein 1,
gag pol,Mitogen-activated protein kinase 1,
gag pol,Protein disulfide-isomerase,
rex,Hepatocyte growth factor-regulated tyrosine kinase substrate,
rev,E3 ubiquitin-protein ligase Itchy homolog,
rex,E3 ubiquitin-protein ligase Itchy homolog,
vif,E3 ubiquitin-protein ligase Itchy homolog,
gag,E3 ubiquitin-protein ligase Itchy homolog,
tat,E3 ubiquitin-protein ligase Itchy homolog,
v 1,E3 ubiquitin-protein ligase Itchy homolog,
gag,Procollagen galactosyltransferase 1,
vpr,Polyadenylate-binding protein 1,
vpx,Polyadenylate-binding protein 1,
vpx,DDB1- and CUL4-associated factor 1,
vpx,E3 ubiquitin-protein ligase RBX1,
env,Protein disulfide-isomerase,
rev,CCAAT/enhancer-binding protein beta,
gag,CCAAT/enhancer-binding protein beta,
vif,CCAAT/enhancer-binding protein beta,
v 1,CCAAT/enhancer-binding protein beta,
gag,Vascular endothelial growth factor receptor 2,
rev,Vascular endothelial growth factor receptor 2,
env,Vascular endothelial growth factor receptor 2,
v 1,Vascular endothelial growth factor receptor 2,
gag pol,Death domain-associated protein 6,
gag,Death domain-associated protein 6,
rev,Death domain-associated protein 6,
tat,Death domain-associated protein 6,
v 1,Death domain-associated protein 6,
rex,"Interferon-induced, double-stranded RNA-activated protein kinase",
nef,"Interferon-induced, double-stranded RNA-activated protein kinase",
nef,Procollagen galactosyltransferase 1,
vif,Procollagen galactosyltransferase 1,
vpr,Nuclear pore complex protein Nup214,
vpr,Procollagen galactosyltransferase 1,
vpx,Nuclear pore complex protein Nup214,
vpx,Procollagen galactosyltransferase 1,
tat,Ran-specific GTPase-activating protein,
rev,Ran-specific GTPase-activating protein,
v 1,Ran-specific GTPase-activating protein,
rev,RPA-interacting protein,
gag,RPA-interacting protein,
tat,RPA-interacting protein,
v 1,RPA-interacting protein,
gag pro,SWI/SNF-related matrix-associated actin-dependent regulator of chromatin subfamily B member 1,
gag pol,Nuclear pore complex protein Nup214,
rnase h,Integral membrane protein 2B,
gag pro,Probable dimethyladenosine transferase,
vpr,Probable dimethyladenosine transferase,
gag,DNA dC->dU-editing enzyme APOBEC-3C,
vif,Peptidyl-prolyl cis-trans isomerase A,
nef,"KH domain-containing, RNA-binding, signal transduction-associated protein 1",
rex,HSP90AB1 protein,
gag pro,HSP90AB1 protein,
nef,mRNA decay activator protein ZFP36,
rev,mRNA decay activator protein ZFP36,
tat,mRNA decay activator protein ZFP36,
v 1,mRNA decay activator protein ZFP36,
src,"POU domain, class 2, transcription factor 1",
src,Phosphofurin acidic cluster sorting protein 1,
gag pro,DNA dC->dU-editing enzyme APOBEC-3G,
gag,Potassium voltage-gated channel subfamily H member 3,
rev,Potassium voltage-gated channel subfamily H member 3,
env,Potassium voltage-gated channel subfamily H member 3,
v 1,Potassium voltage-gated channel subfamily H member 3,
rev,Cyclin-dependent kinase inhibitor 2A,
rex,Cyclin-dependent kinase inhibitor 2A,
gag,Cyclin-dependent kinase inhibitor 2A,
vif,Cyclin-dependent kinase inhibitor 2A,
tat,Cyclin-dependent kinase inhibitor 2A,
v 1,Cyclin-dependent kinase inhibitor 2A,
gag,RING-box protein 2,
gag,E3 ubiquitin-protein ligase NEDD4-like,
tat,E3 ubiquitin-protein ligase NEDD4-like,
v 1,E3 ubiquitin-protein ligase NEDD4-like,
nef,Annexin A6,
gag pol,Annexin A6,
src,Tyrosine-protein kinase HCK,
gag pol,Tyrosine-protein kinase HCK,
tat,Nuclear pore complex protein Nup98-Nup96,
env,Nuclear pore complex protein Nup98-Nup96,
tat,Insulin-like growth factor 2 mRNA-binding protein 1,
rev,Insulin-like growth factor 2 mRNA-binding protein 1,
nef,Insulin-like growth factor 2 mRNA-binding protein 1,
nef,Histone H3.1t,
gag,Insulin-like growth factor 2 mRNA-binding protein 1,
v 1,Insulin-like growth factor 2 mRNA-binding protein 1,
rev,Early growth response protein 1,
tat,Early growth response protein 1,
v 1,Early growth response protein 1,
tat,Vascular endothelial growth factor receptor 2,
env,Peptidyl-prolyl cis-trans isomerase B,
gag,Peptidyl-prolyl cis-trans isomerase B,
rev,Peptidyl-prolyl cis-trans isomerase B,
v 1,Peptidyl-prolyl cis-trans isomerase B,
vpu,Probable dimethyladenosine transferase,
vpx,DNA dC->dU-editing enzyme APOBEC-3A,
gag,Transcription factor AP-1,
env,"Nitric oxide synthase, endothelial",
gag,"Nitric oxide synthase, endothelial",
rev,"Nitric oxide synthase, endothelial",
vif,"Nitric oxide synthase, endothelial",
rnase h,ATP-dependent RNA helicase A,
tat,ATP-dependent RNA helicase A,
gag pro,Erythroid transcription factor,
vpr,Erythroid transcription factor,
gag,Erythroid transcription factor,
env,Erythroid transcription factor,
env,Heterogeneous nuclear ribonucleoprotein A1,
rnase h,Histone H3.1t,
rev,Very-long-chain 3-oxoacyl-CoA reductase,
gag,Very-long-chain 3-oxoacyl-CoA reductase,
v 1,Very-long-chain 3-oxoacyl-CoA reductase,
gag pro,Small ubiquitin-related modifier 1,
gag pol,Small ubiquitin-related modifier 1,
env,Small ubiquitin-related modifier 1,
v 1,Transferrin receptor protein 1,
rev,Tyrosine-protein kinase Lck,
nef,Tyrosine-protein kinase Lck,
v 1,Tyrosine-protein kinase Lck,
rex,Nuclear pore complex protein Nup153,
env,Nuclear pore complex protein Nup153,
vif,Erythroid transcription factor,
gag pro,Synaptic functional regulator FMR1,
gag,Synaptic functional regulator FMR1,
rev,Intercellular adhesion molecule 2,
tat,Intercellular adhesion molecule 2,
v 1,Intercellular adhesion molecule 2,
env,Poly [ADP-ribose] polymerase 4,
gag pol,Activated RNA polymerase II transcriptional coactivator p15,
rev,Activated RNA polymerase II transcriptional coactivator p15,
tat,Activated RNA polymerase II transcriptional coactivator p15,
v 1,Activated RNA polymerase II transcriptional coactivator p15,
gag,78 kDa glucose-regulated protein,
nep,Interleukin-8,
nep,78 kDa glucose-regulated protein,
tax,TNFAIP3-interacting protein 1,
rev,DNA damage-inducible transcript 3 protein,
v 1,DNA damage-inducible transcript 3 protein,
nef,AT-rich interactive domain-containing protein 1A,
env,Membrane-associated progesterone receptor component 1,
tat,Membrane-associated progesterone receptor component 1,
rev,F-box/WD repeat-containing protein 11,
vif,F-box/WD repeat-containing protein 11,
gag,F-box/WD repeat-containing protein 11,
v 1,F-box/WD repeat-containing protein 11,
vpu,Transmembrane emp24 domain-containing protein 2,
vif,78 kDa glucose-regulated protein,
env,Transcriptional repressor protein YY1,
gag,Phosphofurin acidic cluster sorting protein 1,
rev,Centrosomal protein of 55 kDa,
rex,Centrosomal protein of 55 kDa,
v 1,Centrosomal protein of 55 kDa,
gag,DNA dC->dU-editing enzyme APOBEC-3A,
vif,Probable dimethyladenosine transferase,
rev,Charged multivesicular body protein 4a,
tat,Charged multivesicular body protein 4a,
env,Charged multivesicular body protein 4a,
v 1,Charged multivesicular body protein 4a,
rex,Tumor suppressor ARF,
gag pro,Tumor suppressor ARF,
gag,Tumor suppressor ARF,
tax,Probable dimethyladenosine transferase,
rex,Insulin-like growth factor 2 mRNA-binding protein 1,
gag pro,Insulin-like growth factor 2 mRNA-binding protein 1,
src,Hepatocyte growth factor-regulated tyrosine kinase substrate,
gag pro,Hepatocyte growth factor-regulated tyrosine kinase substrate,
vif,All-trans retinoic acid-induced differentiation factor,
tat,"Isocitrate dehydrogenase [NAD] subunit alpha, mitochondrial",
tat,Poly [ADP-ribose] polymerase 1,
tat,NADH-cytochrome b5 reductase 1,
tat,Enhancer of filamentation 1,
rev,Rho guanine nucleotide exchange factor 7,
nef,Rho guanine nucleotide exchange factor 7,
src,Rho guanine nucleotide exchange factor 7,
vif,Rho guanine nucleotide exchange factor 7,
v 1,Rho guanine nucleotide exchange factor 7,
p19,E3 SUMO-protein ligase PIAS2,
rev,E3 SUMO-protein ligase PIAS2,
nef,E3 SUMO-protein ligase PIAS2,
nep,E3 SUMO-protein ligase PIAS2,
src,E3 SUMO-protein ligase PIAS2,
v 1,E3 SUMO-protein ligase PIAS2,
rnase h,Peptidyl-prolyl cis-trans isomerase A,
tax,Mitogen-activated protein kinase 3,
src,Serine/threonine-protein kinase PAK 2,
p19,DNA dC->dU-editing enzyme APOBEC-3F,
rex,DNA dC->dU-editing enzyme APOBEC-3F,
rev,Nucleoporin-like protein 2,
vpr,Nucleoporin-like protein 2,
tat,Nucleoporin-like protein 2,
env,Nucleoporin-like protein 2,
v 1,Nucleoporin-like protein 2,
rex,DnaJ homolog subfamily B member 1,
vif,DnaJ homolog subfamily B member 1,
vpx,DnaJ homolog subfamily B member 1,
gag,DnaJ homolog subfamily B member 1,
vif,Sorbin and SH3 domain-containing protein 1,
vif,"Interferon-induced, double-stranded RNA-activated protein kinase",
gag,"Interferon-induced, double-stranded RNA-activated protein kinase",
gag pol,Sorbin and SH3 domain-containing protein 1,
gag pol,"Interferon-induced, double-stranded RNA-activated protein kinase",
vif,Histone acetyltransferase KAT5,
vpu,Gem-associated protein 4,
vpu,Polyadenylate-binding protein 1,
vpr,Sorbin and SH3 domain-containing protein 1,
p19,DNA dC->dU-editing enzyme APOBEC-3G,
p19,O-phosphoseryl-tRNA,
rex,O-phosphoseryl-tRNA,
rev,Tyrosine-protein kinase Fyn,
tat,Tyrosine-protein kinase Fyn,
v 1,Tyrosine-protein kinase Fyn,
gag pol,Procollagen galactosyltransferase 1,
rev,Calnexin,
tat,Calnexin,
v 1,Calnexin,
gag pol,Prefoldin subunit 3,
v 1,Prefoldin subunit 3,
gag pol,Tyrosine-protein kinase Lck,
vpu,HSP90AB1 protein,
vpu,Tyrosine-protein kinase Lck,
vif,Centrosomal protein of 55 kDa,
vif,Importin-7,
gag pol,Importin-7,
rev,Importin-7,
tat,Importin-7,
v 1,Importin-7,
vif,DNA damage-binding protein 1,
vpr,Beta-2-glycoprotein 1,
vpu,Amyloid beta A4 protein,
vpu,Single-stranded DNA cytosine deaminase,
gag,Probable dimethyladenosine transferase,
tax,Beta-2-glycoprotein 1,
rex,Nuclear pore complex protein Nup214,
gag pro,Nuclear pore complex protein Nup214,
nep,Beta-2-glycoprotein 1,
rnase h,"Interferon-induced, double-stranded RNA-activated protein kinase",
rnase h,Proliferating cell nuclear antigen,
rnase h,Histone acetyltransferase KAT2B,
rev,Histone acetyltransferase KAT2B,
tat,Histone acetyltransferase KAT2B,
v 1,Histone acetyltransferase KAT2B,
vpu,F-box/WD repeat-containing protein 11,
tat,F-box/WD repeat-containing protein 11,
vpu,Prosaposin,
rev,Suppressor of cytokine signaling 1,
vif,Suppressor of cytokine signaling 1,
tat,Suppressor of cytokine signaling 1,
v 1,Suppressor of cytokine signaling 1,
vif,Furin,
env,Proliferating cell nuclear antigen,
env,Histone acetyltransferase KAT2B,
vpr,78 kDa glucose-regulated protein,
rev,Interstitial collagenase,
gag,Interstitial collagenase,
tat,Interstitial collagenase,
src,Amyloid beta A4 protein,
src,Single-stranded DNA cytosine deaminase,
gag pol,Cell division cycle-associated 7-like protein,
rev,Cell division cycle-associated 7-like protein,
tat,Cell division cycle-associated 7-like protein,
v 1,Cell division cycle-associated 7-like protein,
nef,Transcription factor 7-like 2,
nef,CCAAT/enhancer-binding protein beta,
tat,CCAAT/enhancer-binding protein beta,
env,CCAAT/enhancer-binding protein beta,
tat,DNA damage-inducible transcript 3 protein,
nef,Annexin A2,
gag pro,Annexin A2,
rev,Poly [ADP-ribose] polymerase 4,
vif,Poly [ADP-ribose] polymerase 4,
vif,Poly [ADP-ribose] polymerase 1,
vpr,Poly [ADP-ribose] polymerase 4,
vpr,Poly [ADP-ribose] polymerase 1,
tat,Poly [ADP-ribose] polymerase 4,
v 1,Poly [ADP-ribose] polymerase 4,
rev,Protein argonaute-2,
tat,Protein argonaute-2,
v 1,Protein argonaute-2,
gag,Rho guanine nucleotide exchange factor 7,
gag pol,Rho guanine nucleotide exchange factor 7,
gag pol,Serine/threonine-protein kinase PAK 2,
env,Rho guanine nucleotide exchange factor 7,
env,Serine/threonine-protein kinase PAK 2,
nef,Histone acetyltransferase KAT2B,
tax,Peptidyl-prolyl cis-trans isomerase A,
rev,ATP-binding cassette sub-family E member 1,
gag,ATP-binding cassette sub-family E member 1,
gag pol,ATP-binding cassette sub-family E member 1,
tat,ATP-binding cassette sub-family E member 1,
v 1,ATP-binding cassette sub-family E member 1,
bzip,Beta-2-glycoprotein 1,
rex,HCLS1-associated protein X-1,
vpr,HCLS1-associated protein X-1,
nep,HSP90AB1 protein,
v 1,AT-rich interactive domain-containing protein 1A,
vpr,Probable 28S rRNA,
tat,Protein RRP5 homolog,
v 1,Protein RRP5 homolog,
vif,Protein disulfide-isomerase,
tax,"cDNA, FLJ96345, Homo sapiens SET translocation",
env,Serine/threonine-protein kinase Chk2,
gag,Serine/threonine-protein kinase Chk2,
tat,Serine/threonine-protein kinase Chk2,
v 1,Serine/threonine-protein kinase Chk2,
vif,DNA-binding protein SATB1,
tat,DNA-binding protein SATB1,
v 1,DNA-binding protein SATB1,
rev,"Actin, cytoplasmic 1",
nef,"Actin, cytoplasmic 1",
vif,"Actin, cytoplasmic 1",
tat,"Actin, cytoplasmic 1",
nep,Proliferating cell nuclear antigen,
rex,Death domain-associated protein 6,
vif,Small ubiquitin-related modifier 1,
vif,Death domain-associated protein 6,
gag pol,Annexin A2,
gag,Calnexin,
gag,Transferrin receptor protein 1,
gag pol,Calnexin,
gag pol,Poly [ADP-ribose] polymerase 4,
tax,Polyadenylate-binding protein 1,
tax,Poly [ADP-ribose] polymerase 4,
vpx,Protein disulfide-isomerase,
rev,Probable RNA-binding protein 23,
gag,Probable RNA-binding protein 23,
gag pol,Probable RNA-binding protein 23,
tax,Transmembrane emp24 domain-containing protein 2,
vpr,Proliferating cell nuclear antigen,
rev,Endophilin-A2,
rex,Endophilin-A2,
gag,Endophilin-A2,
gag pro,Endophilin-A2,
tat,Endophilin-A2,
gag pro,Phosphofurin acidic cluster sorting protein 1,
rev,Protein RRP5 homolog,
vif,Vascular endothelial growth factor receptor 2,
gag pol,78 kDa glucose-regulated protein,
env,F-box/WD repeat-containing protein 11,
rex,Nuclear pore complex protein Nup98-Nup96,
rex,RPA-interacting protein,
env,RPA-interacting protein,
nef,SWI/SNF-related matrix-associated actin-dependent regulator of chromatin subfamily B member 1,
rev,Transcription factor E2F4,
rev,Retinoblastoma-like protein 2,
vif,Transcription factor E2F4,
vif,Retinoblastoma-like protein 2,
tat,Transcription factor E2F4,
tat,Retinoblastoma-like protein 2,
v 1,Transcription factor E2F4,
v 1,Retinoblastoma-like protein 2,
gag,MyoD family inhibitor domain-containing protein,
rev,Mothers against decapentaplegic homolog 4,
tat,Mothers against decapentaplegic homolog 4,
v 1,Mothers against decapentaplegic homolog 4,
rev,Zinc finger and BTB domain-containing protein 7A,
tat,Zinc finger and BTB domain-containing protein 7A,
v 1,Zinc finger and BTB domain-containing protein 7A,
env,Integral membrane protein 2B,
vif,Integral membrane protein 2B,
nef,Coatomer subunit beta,
nef,Transcription factor AP-1,
rev,Coatomer subunit beta,
vif,Coatomer subunit beta,
tat,Coatomer subunit beta,
v 1,Coatomer subunit beta,
gag,Annexin A6,
rnase h,Annexin A6,
rnase h,Interleukin-8,
env,Annexin A6,
env,Nuclease-sensitive element-binding protein 1,
env,Transitional endoplasmic reticulum ATPase,
gag,Transitional endoplasmic reticulum ATPase,
rev,Transitional endoplasmic reticulum ATPase,
tat,Transitional endoplasmic reticulum ATPase,
v 1,Transitional endoplasmic reticulum ATPase,
tat,Small glutamine-rich tetratricopeptide repeat-containing protein alpha,
tat,Stress-induced-phosphoprotein 1,
vpu,Small glutamine-rich tetratricopeptide repeat-containing protein alpha,
vpu,Stress-induced-phosphoprotein 1,
rev,Small glutamine-rich tetratricopeptide repeat-containing protein alpha,
rev,Stress-induced-phosphoprotein 1,
tax,HSP90AB1 protein,
rev,Mitogen-activated protein kinase kinase kinase 7,
tat,Mitogen-activated protein kinase kinase kinase 7,
gag,C-X-C chemokine receptor type 4,
env,C-X-C chemokine receptor type 4,
rex,"KH domain-containing, RNA-binding, signal transduction-associated protein 1",
src,"KH domain-containing, RNA-binding, signal transduction-associated protein 1",
rev,COP9 signalosome complex subunit 6,
vif,COP9 signalosome complex subunit 6,
vpr,COP9 signalosome complex subunit 6,
v 1,COP9 signalosome complex subunit 6,
gag,"Leucine-rich PPR motif-containing protein, mitochondrial",
v 1,"Leucine-rich PPR motif-containing protein, mitochondrial",
tat,Tyrosine-protein kinase Lck,
rex,Mothers against decapentaplegic homolog 3,
rex,Mothers against decapentaplegic homolog 4,
nef,Mothers against decapentaplegic homolog 3,
nef,Mothers against decapentaplegic homolog 4,
gag,Retinoblastoma-like protein 2,
gag,Cyclin-A2,
v 1,Cyclin-A2,
gag,Intercellular adhesion molecule 2,
env,Intercellular adhesion molecule 2,
gag,Integrin alpha-V,
env,Integrin alpha-V,
tat,Integrin alpha-V,
v 1,Integrin alpha-V,
tat,Trace amine-associated receptor 1,
rev,Trace amine-associated receptor 1,
v 1,Trace amine-associated receptor 1,
rex,"Isocitrate dehydrogenase [NAD] subunit alpha, mitochondrial",
rex,Poly [ADP-ribose] polymerase 1,
rex,NADH-cytochrome b5 reductase 1,
nef,"Isocitrate dehydrogenase [NAD] subunit alpha, mitochondrial",
nef,Poly [ADP-ribose] polymerase 1,
nef,NADH-cytochrome b5 reductase 1,
gag pol,E3 ubiquitin-protein ligase RAD18,
rev,E3 ubiquitin-protein ligase RAD18,
tat,E3 ubiquitin-protein ligase RAD18,
v 1,E3 ubiquitin-protein ligase RAD18,
rex,Interferon regulatory factor 1,
vif,Interferon regulatory factor 1,
tat,Rho guanine nucleotide exchange factor 7,
gag,Cyclin-T1,
nef,Sorbin and SH3 domain-containing protein 1,
vif,ATP-binding cassette sub-family E member 1,
rev,HIV Tat-specific factor 1,
tat,HIV Tat-specific factor 1,
v 1,HIV Tat-specific factor 1,
rnase h,Probable dimethyladenosine transferase,
rex,Intercellular adhesion molecule 2,
rex,Stress-induced-phosphoprotein 1,
env,Stress-induced-phosphoprotein 1,
v 1,Stress-induced-phosphoprotein 1,
gag pro,Interleukin-8,
gag,"60 kDa heat shock protein, mitochondrial",
nep,"60 kDa heat shock protein, mitochondrial",
tax,Vascular endothelial growth factor receptor 2,
rev,Cell division control protein 6 homolog,
rev,Docking protein 1,
gag,Heterogeneous nuclear ribonucleoprotein U,
gag,Nuclear receptor coactivator 1,
gag,26S proteasome regulatory subunit 6A,
rev,Heterogeneous nuclear ribonucleoprotein U,
rev,Nuclear receptor coactivator 1,
rev,26S proteasome regulatory subunit 6A,
tat,Heterogeneous nuclear ribonucleoprotein U,
tat,Nuclear receptor coactivator 1,
tat,26S proteasome regulatory subunit 6A,
nef,Vascular endothelial growth factor receptor 2,
nef,Mitogen-activated protein kinase 3,
gag,Protein disulfide-isomerase A3,
rev,Protein disulfide-isomerase A3,
v 1,Protein disulfide-isomerase A3,
gag,HLA class II histocompatibility antigen gamma chain,
gag,"Complement component 1 Q subcomponent-binding protein, mitochondrial",
rev,HLA class II histocompatibility antigen gamma chain,
rev,"Complement component 1 Q subcomponent-binding protein, mitochondrial",
env,HLA class II histocompatibility antigen gamma chain,
env,"Complement component 1 Q subcomponent-binding protein, mitochondrial",
v 1,HLA class II histocompatibility antigen gamma chain,
v 1,"Complement component 1 Q subcomponent-binding protein, mitochondrial",
gag,Peptide-N,
rev,Peptide-N,
env,Peptide-N,
v 1,Peptide-N,
rev,Mitogen-activated protein kinase kinase kinase 5,
rev,Von Hippel-Lindau disease tumor suppressor,
vif,Von Hippel-Lindau disease tumor suppressor,
tat,Von Hippel-Lindau disease tumor suppressor,
rex,Coatomer subunit beta,
rev,Proto-oncogene tyrosine-protein kinase Src,
src,Proto-oncogene tyrosine-protein kinase Src,
src,Sequestosome-1,
rev,TATA-binding protein-associated factor 172,
rev,TATA-binding protein-associated factor 2N,
rev,Transcription initiation factor TFIID subunit 1,
tat,TATA-binding protein-associated factor 172,
tat,TATA-binding protein-associated factor 2N,
tat,Transcription initiation factor TFIID subunit 1,
gag pol,Eukaryotic translation initiation factor 5A-1,
rev,Eukaryotic translation initiation factor 5A-1,
nef,Nuclear pore complex protein Nup98-Nup96,
nef,Eukaryotic translation initiation factor 5A-1,
v 1,Eukaryotic translation initiation factor 5A-1,
gag,60S ribosomal protein L17,
rev,Cyclic AMP-responsive element-binding protein 1,
tat,Cyclic AMP-responsive element-binding protein 1,
v 1,Cyclic AMP-responsive element-binding protein 1,
vpx,HSP90AB1 protein,
vpx,TNFAIP3-interacting protein 1,
gag pol,Transportin-1,
rev,Cyclin-H,
gag pro,Proliferating cell nuclear antigen,
gag pro,Serine/threonine-protein kinase PAK 2,
gag pro,Cyclin-H,
vpr,Serine/threonine-protein kinase PAK 2,
vpr,Cyclin-H,
v 1,Cyclin-H,
rex,Activated RNA polymerase II transcriptional coactivator p15,
vif,Trace amine-associated receptor 1,
nef,Transcriptional repressor protein YY1,
nef,Acyl-coenzyme A thioesterase 8,
rev,Acyl-coenzyme A thioesterase 8,
tat,Acyl-coenzyme A thioesterase 8,
v 1,Acyl-coenzyme A thioesterase 8,
rex,Histone acetyltransferase KAT5,
rex,Phosphofurin acidic cluster sorting protein 1,
gag,TATA-binding protein-associated factor 172,
gag,TATA-binding protein-associated factor 2N,
gag,Transcription initiation factor TFIID subunit 1,
rev,DNA topoisomerase 1,
tat,DNA topoisomerase 1,
rex,Serine/threonine-protein kinase PAK 2,
rex,Nuclease-sensitive element-binding protein 1,
rnase h,Transportin-1,
rnase h,Polyadenylate-binding protein 1,
vif,Eukaryotic translation initiation factor 5A-1,
vpr,Protein disulfide-isomerase,
vif,Cell division control protein 6 homolog,
vif,Docking protein 1,
rev,Cellular tumor antigen p53,
vif,Cellular tumor antigen p53,
tat,Cellular tumor antigen p53,
v 1,Cellular tumor antigen p53,
gag pol,Peptidyl-prolyl cis-trans isomerase B,
tat,Peptidyl-prolyl cis-trans isomerase B,
gag pol,Uracil-DNA glycosylase,
rev,Uracil-DNA glycosylase,
vif,Uracil-DNA glycosylase,
vpr,Uracil-DNA glycosylase,
v 1,Uracil-DNA glycosylase,
gag,Polycomb protein EED,
vif,Polycomb protein EED,
tat,Polycomb protein EED,
v 1,Polycomb protein EED,
vif,Nuclear receptor coactivator 1,
vpr,Nuclear receptor coactivator 1,
v 1,Nuclear receptor coactivator 1,
rex,Cyclin-T1,
rex,Tyrosine-protein kinase Lck,
env,Tyrosine-protein kinase Lck,
rnase h,C-X-C chemokine receptor type 4,
tat,AP-2 complex subunit beta,
nef,AP-2 complex subunit beta,
vif,AP-2 complex subunit beta,
v 1,AP-2 complex subunit beta,
src,Procollagen galactosyltransferase 1,
env,SUMO-conjugating enzyme UBC9,
v 1,Transcription initiation factor TFIID subunit 1,
gag,Tyrosine-protein kinase Lck,
gag,Enhancer of filamentation 1,
v 1,Enhancer of filamentation 1,
rex,Small glutamine-rich tetratricopeptide repeat-containing protein alpha,
gag pro,Small glutamine-rich tetratricopeptide repeat-containing protein alpha,
gag,Small glutamine-rich tetratricopeptide repeat-containing protein alpha,
v 1,Small glutamine-rich tetratricopeptide repeat-containing protein alpha,
rnase h,All-trans retinoic acid-induced differentiation factor,
vpr,All-trans retinoic acid-induced differentiation factor,
gag pol,All-trans retinoic acid-induced differentiation factor,
nef,Histone acetyltransferase KAT5,
vpr,Lysine--tRNA ligase,
vpr,O-phosphoseryl-tRNA,
tat,Elongation factor 1-delta,
v 1,Elongation factor 1-delta,
tat,Eukaryotic translation initiation factor 5A-1,
rex,Eukaryotic translation initiation factor 5A-1,
rex,Probable dimethyladenosine transferase,
env,Eukaryotic translation initiation factor 5A-1,
env,RAF proto-oncogene serine/threonine-protein kinase,
v 1,RAF proto-oncogene serine/threonine-protein kinase,
rev,"Actin, cytoplasmic 2",
v 1,"Actin, cytoplasmic 2",
rev,"Probable histidine--tRNA ligase, mitochondrial",
rex,"Probable histidine--tRNA ligase, mitochondrial",
gag,"Probable histidine--tRNA ligase, mitochondrial",
vpu,"Probable histidine--tRNA ligase, mitochondrial",
vpu,O-phosphoseryl-tRNA,
vpr,"Probable histidine--tRNA ligase, mitochondrial",
tat,"Probable histidine--tRNA ligase, mitochondrial",
env,"Probable histidine--tRNA ligase, mitochondrial",
v 1,"Probable histidine--tRNA ligase, mitochondrial",
vif,Peroxiredoxin-4,
tat,Peroxiredoxin-4,
tat,Transmembrane emp24 domain-containing protein 10,
v 1,Transmembrane emp24 domain-containing protein 10,
nef,Transmembrane emp24 domain-containing protein 10,
gag pol,Transmembrane emp24 domain-containing protein 10,
rev,Proteasome subunit beta type-4,
nef,Proteasome subunit beta type-4,
tat,Proteasome subunit beta type-4,
v 1,Proteasome subunit beta type-4,
rev,Translocation protein SEC62,
tat,Translocation protein SEC62,
v 1,Translocation protein SEC62,
rex,Transcription initiation factor IIB,
tat,Transcription initiation factor IIB,
v 1,Transcription initiation factor IIB,
tat,Cyclic AMP-dependent transcription factor ATF-4,
rev,Cyclic AMP-dependent transcription factor ATF-4,
tax,Cyclic AMP-dependent transcription factor ATF-4,
v 1,Cyclic AMP-dependent transcription factor ATF-4,
v 1,"Actin, cytoplasmic 1",
gag,Zinc finger protein 40,
v 1,Zinc finger protein 40,
v 1,Magnesium transporter protein 1,
tax,Tyrosine-protein kinase Lck,
rnase h,"POU domain, class 2, transcription factor 1",
env,"60 kDa heat shock protein, mitochondrial",
rex,Alpha-,
vpr,AT-rich interactive domain-containing protein 1A,
env,Peptidyl-prolyl cis-trans isomerase FKBP4,
env,Tyrosine-protein kinase Fyn,
gag,Peptidyl-prolyl cis-trans isomerase FKBP4,
gag,Tyrosine-protein kinase Fyn,
tat,Peptidyl-prolyl cis-trans isomerase FKBP4,
v 1,Peptidyl-prolyl cis-trans isomerase FKBP4,
rev,Arf-GAP domain and FG repeat-containing protein 1,
nef,RPA-interacting protein,
nef,Arf-GAP domain and FG repeat-containing protein 1,
tat,Arf-GAP domain and FG repeat-containing protein 1,
v 1,Arf-GAP domain and FG repeat-containing protein 1,
rex,Neuroendocrine convertase 1,
rev,Neuroendocrine convertase 1,
tat,Neuroendocrine convertase 1,
rnase h,"Actin, cytoplasmic 1",
gag pol,"Actin, cytoplasmic 1",
gag,Eukaryotic translation initiation factor 5A-1,
nef,Trace amine-associated receptor 1,
tat,COP9 signalosome complex subunit 6,
src,Nuclear pore complex protein Nup214,
gag,Protein argonaute-2,
env,Protein argonaute-2,
gag pol,DNA topoisomerase 1,
v 1,DNA topoisomerase 1,
tat,"Dynein light chain 1, cytoplasmic",
v 1,"Dynein light chain 1, cytoplasmic",
rev,Zinc finger protein 40,
nef,Protein RRP5 homolog,
nef,Zinc finger protein 40,
tat,Zinc finger protein 40,
tax,Protein RRP5 homolog,
tax,Zinc finger protein 40,
gag,"Dynein light chain 1, cytoplasmic",
rev,"Dynein light chain 1, cytoplasmic",
vif,"Dynein light chain 1, cytoplasmic",
env,"Dynein light chain 1, cytoplasmic",
gag pol,AT-rich interactive domain-containing protein 1A,
vpx,Serine/threonine-protein kinase PAK 2,
env,Probable 28S rRNA,
rnase h,"KH domain-containing, RNA-binding, signal transduction-associated protein 1",
vif,Annexin A6,
vif,"KH domain-containing, RNA-binding, signal transduction-associated protein 1",
nef,Gelsolin,
v 1,Gelsolin,
nep,Transmembrane emp24 domain-containing protein 2,
