10299,herpes simplex virus (type 1 / strain 17),3702,arabidopsis thaliana,P06492_Q7XYY2
10299,herpes simplex virus (type 1 / strain 17),559292,saccharomyces cerevisiae s288c,P04387_P06492
10299,herpes simplex virus (type 1 / strain 17),559292,saccharomyces cerevisiae s288c,P06492_Q01939
10299,herpes simplex virus (type 1 / strain 17),4932,saccharomyces cerevisiae,P04387_P06492
10299,herpes simplex virus (type 1 / strain 17),4932,saccharomyces cerevisiae,P06492_Q01939
10299,herpes simplex virus (type 1 / strain 17),9796,equus caballus,P10228_Q9XS82
10299,herpes simplex virus (type 1 / strain 17),9823,sus scrofa,Q69091_Q9GL76
10298,human alphaherpesvirus 1,10090,mus musculus,G8HBF1_Q04207
10298,human alphaherpesvirus 1,10090,mus musculus,G8HBG2_Q6PGF3
10298,human alphaherpesvirus 1,10090,mus musculus,A2AGH6_G8HBG2
10298,human alphaherpesvirus 1,10090,mus musculus,A0A0R4J0T4_G8HBF1
10298,human alphaherpesvirus 1,10090,mus musculus,G8HBG2_Q9CQ39
10298,human alphaherpesvirus 1,10090,mus musculus,B1AUW6_G8HBF1
10298,human alphaherpesvirus 1,10090,mus musculus,Q9D2Y4_U5TQE9
10298,human alphaherpesvirus 1,10090,mus musculus,G8HBF1_Q99K90
10298,human alphaherpesvirus 1,10090,mus musculus,G8HBG2_Q8VCD5
10298,human alphaherpesvirus 1,10090,mus musculus,G8HBF1_Q543B5
10298,human alphaherpesvirus 1,10090,mus musculus,G8HBF1_P70196
11198,sendai virus (z),10090,mus musculus,P04862_Q60680
132487,measles virus strain schwarz,9913,bos taurus,Q3T0F4_Q77M19
132487,measles virus strain schwarz,10090,mus musculus,Q60680_Q77M19
1005060,groundnut rosette virus mc1,3702,arabidopsis thaliana,Q67684_Q94AH9
10450,orgyia pseudotsugata single capsid nuclopolyhedrovirus,10090,mus musculus,Q65368_Q9JIY5
265874,ectromelia virus moscow,9523,plecturocebus moloch,B1MTY0_Q8JL78
70698,m28 virus,559292,saccharomyces cerevisiae s288c,P17967_Q7LZU3
70698,m28 virus,559292,saccharomyces cerevisiae s288c,P0CG63_Q7LZU3
10345,suid alphaherpesvirus 1,10116,rattus norvegicus,A0A142I9X8_P61621
10345,suid alphaherpesvirus 1,10116,rattus norvegicus,A0A142I9X8_P19511
10345,suid alphaherpesvirus 1,10116,rattus norvegicus,A0A142I9X8_Q9Z1E1
10345,suid alphaherpesvirus 1,10116,rattus norvegicus,A0A142I9X8_D4A1D8
10345,suid alphaherpesvirus 1,10116,rattus norvegicus,A0A142I9X8_P04897
10345,suid alphaherpesvirus 1,10116,rattus norvegicus,A0A142I9X8_P10362
10345,suid alphaherpesvirus 1,10116,rattus norvegicus,A0A142I9X8_P15999
10345,suid alphaherpesvirus 1,10116,rattus norvegicus,A0A142I9X8_P07340
10345,suid alphaherpesvirus 1,10116,rattus norvegicus,A0A142I9X8_D4A781
10345,suid alphaherpesvirus 1,10116,rattus norvegicus,A0A142I9X8_O88280
10345,suid alphaherpesvirus 1,10116,rattus norvegicus,A0A142I9X8_P01830
10345,suid alphaherpesvirus 1,10116,rattus norvegicus,A0A142I9X8_Q62940
10345,suid alphaherpesvirus 1,10116,rattus norvegicus,A0A142I9X8_P70705
10345,suid alphaherpesvirus 1,10116,rattus norvegicus,A0A142I9X8_P11507
10345,suid alphaherpesvirus 1,10116,rattus norvegicus,A0A142I9X8_Q63803
10345,suid alphaherpesvirus 1,10116,rattus norvegicus,A0A142I9X8_P11505
10345,suid alphaherpesvirus 1,10116,rattus norvegicus,A0A142I9X8_Q5BJM8
10345,suid alphaherpesvirus 1,10116,rattus norvegicus,A0A142I9X8_O35142
10345,suid alphaherpesvirus 1,10116,rattus norvegicus,A0A142I9X8_O35314
10345,suid alphaherpesvirus 1,10116,rattus norvegicus,A0A142I9X8_P70605
10345,suid alphaherpesvirus 1,10116,rattus norvegicus,A0A142I9X8_Q07647
10345,suid alphaherpesvirus 1,10116,rattus norvegicus,A0A142I9X8_Q9WUD2
10345,suid alphaherpesvirus 1,10116,rattus norvegicus,A0A142I9X8_Q63635
10345,suid alphaherpesvirus 1,10116,rattus norvegicus,A0A142I9X8_Q62991
10345,suid alphaherpesvirus 1,10116,rattus norvegicus,A0A142I9X8_D4A857
10345,suid alphaherpesvirus 1,10116,rattus norvegicus,A0A142I9X8_D3ZPR0
10345,suid alphaherpesvirus 1,10116,rattus norvegicus,A0A142I9X8_D3ZH41
10345,suid alphaherpesvirus 1,10116,rattus norvegicus,A0A142I9X8_F1M4A4
10345,suid alphaherpesvirus 1,10116,rattus norvegicus,A0A142I9X8_P52296
10345,suid alphaherpesvirus 1,10116,rattus norvegicus,A0A142I9X8_P59215
10345,suid alphaherpesvirus 1,10116,rattus norvegicus,A0A142I9X8_D3ZX42
10345,suid alphaherpesvirus 1,10116,rattus norvegicus,A0A142I9X8_P25286
10345,suid alphaherpesvirus 1,10116,rattus norvegicus,A0A142I9X8_P54290
10345,suid alphaherpesvirus 1,10116,rattus norvegicus,A0A142I9X8_D4A0A1
10345,suid alphaherpesvirus 1,10116,rattus norvegicus,A0A142I9X8_Q9EQG6
10345,suid alphaherpesvirus 1,10116,rattus norvegicus,A0A142I9X8_P97629
10345,suid alphaherpesvirus 1,10116,rattus norvegicus,A0A142I9X8_Q9Z0U4
10345,suid alphaherpesvirus 1,10116,rattus norvegicus,A0A142I9X8_Q64232
10345,suid alphaherpesvirus 1,10116,rattus norvegicus,A0A142I9X8_P10719
10345,suid alphaherpesvirus 1,10116,rattus norvegicus,A0A142I9X8_Q8R3Z7
10345,suid alphaherpesvirus 1,10116,rattus norvegicus,A0A142I9X8_Q64542
10345,suid alphaherpesvirus 1,10116,rattus norvegicus,A0A142I9X8_P58200
10345,suid alphaherpesvirus 1,10116,rattus norvegicus,A0A142I9X8_P07152
10345,suid alphaherpesvirus 1,10116,rattus norvegicus,A0A142I9X8_Q06647
10345,suid alphaherpesvirus 1,10116,rattus norvegicus,A0A142I9X8_Q6VBQ5
10345,suid alphaherpesvirus 1,10116,rattus norvegicus,A0A142I9X8_P35435
10345,suid alphaherpesvirus 1,10116,rattus norvegicus,A0A142I9X8_D3ZKH6
10345,suid alphaherpesvirus 1,10116,rattus norvegicus,A0A142I9X8_P63045
10345,suid alphaherpesvirus 1,10116,rattus norvegicus,A0A142I9X8_D4A3T0
10345,suid alphaherpesvirus 1,10116,rattus norvegicus,A0A142I9X8_P60881
10345,suid alphaherpesvirus 1,10116,rattus norvegicus,A0A142I9X8_D3ZWW5
10345,suid alphaherpesvirus 1,10090,mus musculus,G3G926_P63085
10345,suid alphaherpesvirus 1,9823,sus scrofa,G3G922_Q9GL76
10345,suid alphaherpesvirus 1,9823,sus scrofa,C7EYC8_P01025
10515,human adenovirus 2,559292,saccharomyces cerevisiae s288c,P53622_P68978
10515,human adenovirus 2,284812,schizosaccharomyces pombe 972h-,P68978_Q96WV5
10515,human adenovirus 2,10090,mus musculus,P03244_Q60520
10515,human adenovirus 2,10090,mus musculus,P03254_P45481
10515,human adenovirus 2,7227,drosophila melanogaster,P03254_P47825
11873,avian musculoaponeurotic fibrosarcoma virus as42,9031,gallus gallus,P23091_P24343
59241,streptococcus phage dp-1,170187,streptococcus pneumoniae tigr4,A0A0H2UQU1_E7DN73
59241,streptococcus phage dp-1,170187,streptococcus pneumoniae tigr4,A0A0H2UR87_E7DNC2
59241,streptococcus phage dp-1,170187,streptococcus pneumoniae tigr4,A0A0H2UP48_E7DNB1
59241,streptococcus phage dp-1,170187,streptococcus pneumoniae tigr4,A0A0H2URA0_E7DN96
59241,streptococcus phage dp-1,170187,streptococcus pneumoniae tigr4,A0A0H2UQY5_E7DND6
59241,streptococcus phage dp-1,170187,streptococcus pneumoniae tigr4,E7DN80_Q97SR6
59241,streptococcus phage dp-1,170187,streptococcus pneumoniae tigr4,A0A0H2UQR2_E7DN73
59241,streptococcus phage dp-1,170187,streptococcus pneumoniae tigr4,E7DN96_Q97SX0
59241,streptococcus phage dp-1,170187,streptococcus pneumoniae tigr4,E7DN96_Q97SR6
59241,streptococcus phage dp-1,170187,streptococcus pneumoniae tigr4,E7DNB5_P0CB76
59241,streptococcus phage dp-1,170187,streptococcus pneumoniae tigr4,A0A0H2UQY5_E7DNC2
59241,streptococcus phage dp-1,170187,streptococcus pneumoniae tigr4,A0A0H2URK9_E7DN96
59241,streptococcus phage dp-1,170187,streptococcus pneumoniae tigr4,A0A0H2UQ84_E7DN95
59241,streptococcus phage dp-1,170187,streptococcus pneumoniae tigr4,E7DN82_Q97PM1
59241,streptococcus phage dp-1,170187,streptococcus pneumoniae tigr4,E7DN96_P66854
59241,streptococcus phage dp-1,170187,streptococcus pneumoniae tigr4,A0A0H2US90_E7DNC4
59241,streptococcus phage dp-1,170187,streptococcus pneumoniae tigr4,A0A0H2URY4_E7DN78
59241,streptococcus phage dp-1,170187,streptococcus pneumoniae tigr4,A0A0H2USH2_E7DN98
59241,streptococcus phage dp-1,170187,streptococcus pneumoniae tigr4,A0A0H2UR86_E7DNC2
59241,streptococcus phage dp-1,170187,streptococcus pneumoniae tigr4,A0A0H2USI3_E7DN73
59241,streptococcus phage dp-1,170187,streptococcus pneumoniae tigr4,E7DN73_Q97SR6
59241,streptococcus phage dp-1,170187,streptococcus pneumoniae tigr4,E7DNA8_Q97QZ2
59241,streptococcus phage dp-1,170187,streptococcus pneumoniae tigr4,A0A0H2USI3_E7DN76
59241,streptococcus phage dp-1,170187,streptococcus pneumoniae tigr4,A0A0H2UR82_E7DNA8
59241,streptococcus phage dp-1,170187,streptococcus pneumoniae tigr4,A0A0H2USI3_E7DN95
59241,streptococcus phage dp-1,170187,streptococcus pneumoniae tigr4,A0A0H2URF8_E7DNB2
59241,streptococcus phage dp-1,170187,streptococcus pneumoniae tigr4,A0A0H2URW0_E7DN68
59241,streptococcus phage dp-1,170187,streptococcus pneumoniae tigr4,A0A0H2UNL0_E7DN98
59241,streptococcus phage dp-1,170187,streptococcus pneumoniae tigr4,A0A0H2UNL0_E7DNA8
59241,streptococcus phage dp-1,170187,streptococcus pneumoniae tigr4,E7DN97_Q97QW0
59241,streptococcus phage dp-1,170187,streptococcus pneumoniae tigr4,E7DN95_Q97SR6
59241,streptococcus phage dp-1,170187,streptococcus pneumoniae tigr4,A0A0H2USH2_E7DNA8
59241,streptococcus phage dp-1,170187,streptococcus pneumoniae tigr4,A0A0H2US80_E7DN93
59241,streptococcus phage dp-1,170187,streptococcus pneumoniae tigr4,A0A0H2UQS7_E7DNA8
59241,streptococcus phage dp-1,170187,streptococcus pneumoniae tigr4,A0A0H2USI3_E7DNB2
59241,streptococcus phage dp-1,170187,streptococcus pneumoniae tigr4,A0A0H2UQZ2_E7DNC2
59241,streptococcus phage dp-1,170187,streptococcus pneumoniae tigr4,E7DNA3_Q97SR6
59241,streptococcus phage dp-1,170187,streptococcus pneumoniae tigr4,A0A0H2UQU9_E7DNA8
11113,hepatitis c virus isolate hc-j6,10090,mus musculus,P06240_P26660
1980476,laguna negra orthohantavirus,3055,chlamydomonas reinhardtii,O12369_P05434
229032,porcine epidemic diarrhea virus cv777,559292,saccharomyces cerevisiae s288c,P41811_Q91AV1
229032,porcine epidemic diarrhea virus cv777,559292,saccharomyces cerevisiae s288c,P53622_Q91AV1
229032,porcine epidemic diarrhea virus cv777,284812,schizosaccharomyces pombe 972h-,Q91AV1_Q96WV5
11116,hepatitis c virus (isolate japanese),10116,rattus norvegicus,P26662_P97633
10665,enterobacteria phage t4,83333,escherichia coli k-12,P0A8V2_P13338
10665,enterobacteria phage t4,83333,escherichia coli k-12,P0A7Z4_P32267
10665,enterobacteria phage t4,83333,escherichia coli k-12,P04535_P0A6F5
10665,enterobacteria phage t4,83333,escherichia coli k-12,P00579_P32267
10665,enterobacteria phage t4,83333,escherichia coli k-12,P0A8V2_P32267
10665,enterobacteria phage t4,208964,pseudomonas aeruginosa pao1,P26480_P32267
11709,human immunodeficiency virus 2,9544,macaca mulatta,P62940_Q76929
1891767,macaca mulatta polyomavirus 1,10116,rattus norvegicus,P03070_P20266
1891767,macaca mulatta polyomavirus 1,559292,saccharomyces cerevisiae s288c,P00546_P03070
1891767,macaca mulatta polyomavirus 1,10090,mus musculus,P03070_P16627
1891767,macaca mulatta polyomavirus 1,10090,mus musculus,P03070_P45481
1891767,macaca mulatta polyomavirus 1,10090,mus musculus,P03070_P52293
1891767,macaca mulatta polyomavirus 1,10090,mus musculus,O56327_Q76MZ3
1891767,macaca mulatta polyomavirus 1,10090,mus musculus,P03087_P11103
1891767,macaca mulatta polyomavirus 1,10090,mus musculus,P03070_P13405
1891767,macaca mulatta polyomavirus 1,10090,mus musculus,P02340_P03070
1891767,macaca mulatta polyomavirus 1,10090,mus musculus,P03070_P70168
1891767,macaca mulatta polyomavirus 1,10090,mus musculus,P03070_Q99LX0
1891767,macaca mulatta polyomavirus 1,10090,mus musculus,P03070_P63017
10747,streptococcus phage cp-1,170187,streptococcus pneumoniae tigr4,Q38002_Q97SR6
10747,streptococcus phage cp-1,170187,streptococcus pneumoniae tigr4,A0A0H2USI3_Q38011
10747,streptococcus phage cp-1,170187,streptococcus pneumoniae tigr4,P15057_P67413
10747,streptococcus phage cp-1,170187,streptococcus pneumoniae tigr4,A0A0H2UPN3_Q38011
10747,streptococcus phage cp-1,170187,streptococcus pneumoniae tigr4,A0A0H2URP7_Q38011
10747,streptococcus phage cp-1,170187,streptococcus pneumoniae tigr4,P0A471_Q37995
10747,streptococcus phage cp-1,170187,streptococcus pneumoniae tigr4,P63640_Q37995
10747,streptococcus phage cp-1,170187,streptococcus pneumoniae tigr4,A0A0H2UPP8_Q38010
10747,streptococcus phage cp-1,170187,streptococcus pneumoniae tigr4,A0A0H2UQB9_Q38011
10747,streptococcus phage cp-1,170187,streptococcus pneumoniae tigr4,P67318_Q37990
10747,streptococcus phage cp-1,170187,streptococcus pneumoniae tigr4,A0A0H2UPP8_Q38003
11706,hiv-1 m:b_hxb2r,10116,rattus norvegicus,O08565_P04578
11706,hiv-1 m:b_hxb2r,9913,bos taurus,P04591_Q2NKZ1
11706,hiv-1 m:b_hxb2r,9913,bos taurus,P04591_Q3MHL7
11706,hiv-1 m:b_hxb2r,9913,bos taurus,P04591_Q3ZBH0
11706,hiv-1 m:b_hxb2r,10090,mus musculus,P04591_P80318
11706,hiv-1 m:b_hxb2r,10090,mus musculus,P04618_Q6P5F9
11707,human immunodeficiency virus type 1 (hxb3 isolate),559292,saccharomyces cerevisiae s288c,P49686_P69718
11707,human immunodeficiency virus type 1 (hxb3 isolate),4932,saccharomyces cerevisiae,P49686_P69718
31518,bovine herpesvirus type 1.1 (strain jura),9913,bos taurus,O02853_P29128
31518,bovine herpesvirus type 1.1 (strain jura),9913,bos taurus,A8E4Q6_P29128
10527,human adenovirus d9,10116,rattus norvegicus,P89079_Q62696
10527,human adenovirus d9,10116,rattus norvegicus,O55164_P89079
10527,human adenovirus d9,10116,rattus norvegicus,P89079_Q4L1J4
10527,human adenovirus d9,10090,mus musculus,P89079_Q6RHR9
10304,herpes simplex virus (type 1 / strain f),10090,mus musculus,P08353_Q6ZWX6
33708,murid gammaherpesvirus 4,10090,mus musculus,O41974_P62900
33708,murid gammaherpesvirus 4,10090,mus musculus,O41974_Q9CPR4
33708,murid gammaherpesvirus 4,10090,mus musculus,O41974_P10126
33708,murid gammaherpesvirus 4,10090,mus musculus,O41974_Q62191
33708,murid gammaherpesvirus 4,10090,mus musculus,O41974_P62996
33708,murid gammaherpesvirus 4,10090,mus musculus,O41974_Q8BL97
33708,murid gammaherpesvirus 4,10090,mus musculus,O41974_P15864
33708,murid gammaherpesvirus 4,10090,mus musculus,O41974_Q3TWW8
33708,murid gammaherpesvirus 4,10090,mus musculus,O41974_P60710
33708,murid gammaherpesvirus 4,10090,mus musculus,O09167_O41974
33708,murid gammaherpesvirus 4,10090,mus musculus,O41932_Q9WUN2
33708,murid gammaherpesvirus 4,10090,mus musculus,O41974_P63017
39803,escherichia virus qbeta,83333,escherichia coli k-12,P0A6P1_Q8LTE0
39803,escherichia virus qbeta,83333,escherichia coli k-12,P0CE47_Q8LTE0
39803,escherichia virus qbeta,83333,escherichia coli k-12,P0A6P1_P14647
39803,escherichia virus qbeta,83333,escherichia coli k-12,P0CE47_P14647
10724,bacillus phage spp1,1423,bacillus subtilis,P05096_Q38152
10724,bacillus phage spp1,224308,bacillus subtilis subsp. subtilis str. 168,P05096_Q38152
493803,merkel cell polyomavirus,10090,mus musculus,B6DVZ1_P13405
345184,cabbage leaf curl jamaica virus,3702,arabidopsis thaliana,O82175_Q96703
345184,cabbage leaf curl jamaica virus,3702,arabidopsis thaliana,Q8GZB6_Q96703
345184,cabbage leaf curl jamaica virus,3702,arabidopsis thaliana,O22781_Q96703
345184,cabbage leaf curl jamaica virus,3702,arabidopsis thaliana,Q8VZ17_Q96703
1223261,pseudomonas phage jbd5,208963,pseudomonas aeruginosa ucbpp-pa14,L7P7R7_Q02ML8
1223260,pseudomonas phage jbd30,208963,pseudomonas aeruginosa ucbpp-pa14,L7P7M1_Q02MM2
1223260,pseudomonas phage jbd30,208963,pseudomonas aeruginosa ucbpp-pa14,L7P7M1_Q02MM1
1223260,pseudomonas phage jbd30,208963,pseudomonas aeruginosa ucbpp-pa14,L7P7M1_Q02ML9
928296,borna disease virus-v,10116,rattus norvegicus,P0C799_P39951
928296,borna disease virus-v,10116,rattus norvegicus,P0C797_P30277
928296,borna disease virus-v,10116,rattus norvegicus,P0C797_P39951
11878,avian sarcoma virus ct10,10090,mus musculus,P05433_Q61140
10684,bacillus phage pbs2,83333,escherichia coli k-12,P12295_P14739
11108,hepatitis c virus (isolate h),9534,chlorocebus aethiops,H6U5Q1_P27958
11108,hepatitis c virus (isolate h),9913,bos taurus,P24627_P27958
11108,hepatitis c virus (isolate h),10036,mesocricetus auratus,A0A1U7R619_P27958
11108,hepatitis c virus (isolate h),10036,mesocricetus auratus,P27958_Q920L9
11108,hepatitis c virus (isolate h),10036,mesocricetus auratus,A0A1U7Q9L8_P27958
11108,hepatitis c virus (isolate h),10036,mesocricetus auratus,P07823_P27958
11108,hepatitis c virus (isolate h),10036,mesocricetus auratus,P27958_UPI0003594A9E
11108,hepatitis c virus (isolate h),10036,mesocricetus auratus,A0A1U7Q6W2_P27958
11108,hepatitis c virus (isolate h),10090,mus musculus,P25118_P27958
11108,hepatitis c virus (isolate h),10090,mus musculus,P06240_P27958
11108,hepatitis c virus (isolate h),10090,mus musculus,P27958_Q9Z2B5
11108,hepatitis c virus (isolate h),10090,mus musculus,P27958_P39429
11108,hepatitis c virus (isolate h),10090,mus musculus,P27958_Q9Z2A7
11108,hepatitis c virus (isolate h),9796,equus caballus,O77811_P27958
11676,human immunodeficiency virus 1,10090,mus musculus,P04608_P17047
11676,human immunodeficiency virus 1,10090,mus musculus,P35585_Q90VU7
11676,human immunodeficiency virus 1,10090,mus musculus,A0A288CFT1_M1VPI1
11676,human immunodeficiency virus 1,10090,mus musculus,A0A288CG13_G3X8X6
11676,human immunodeficiency virus 1,10090,mus musculus,A0A288CG30_B2RSC8
11676,human immunodeficiency virus 1,10090,mus musculus,A0A288CG30_P63085
11676,human immunodeficiency virus 1,7227,drosophila melanogaster,A0A0B4KHK1_Q9WB91
11676,human immunodeficiency virus 1,3501,urtica dioica,P11218_Q75760
11676,human immunodeficiency virus 1,373036,griffithsia sp. q66d336,P84801_Q75760
11676,human immunodeficiency virus 1,9544,macaca mulatta,A0A288CG13_Q0PF16
11676,human immunodeficiency virus 1,9544,macaca mulatta,P62940_Q72497
11676,human immunodeficiency virus 1,237531,actinomycete k97-0003,Q75760_Q9KWN0
11678,human immunodeficiency virus type 1 bh10,9534,chlorocebus aethiops,P03347_Q6SSD8
11103,hepatitis c virus,10090,mus musculus,O89168_P11928
11103,hepatitis c virus,10090,mus musculus,O93077_P61290
11100,bovine viral diarrhea virus 1-nadl,9986,oryctolagus cuniculus,P19711_P68105
11100,bovine viral diarrhea virus 1-nadl,9913,bos taurus,P19711_Q08D91
11100,bovine viral diarrhea virus 1-nadl,9913,bos taurus,P19711_Q32PH0
11100,bovine viral diarrhea virus 1-nadl,9913,bos taurus,P19711_Q3MHH4
11100,bovine viral diarrhea virus 1-nadl,9913,bos taurus,P19711_Q7YRW9
11100,bovine viral diarrhea virus 1-nadl,9913,bos taurus,P19711_P68103
11100,bovine viral diarrhea virus 1-nadl,9913,bos taurus,P19711_Q5E956
11100,bovine viral diarrhea virus 1-nadl,9913,bos taurus,P19711_P79136
11100,bovine viral diarrhea virus 1-nadl,9913,bos taurus,E1BBZ3_P19711
11100,bovine viral diarrhea virus 1-nadl,9913,bos taurus,P19711_Q148H7
11100,bovine viral diarrhea virus 1-nadl,9913,bos taurus,P19711_Q2TBG8
11100,bovine viral diarrhea virus 1-nadl,9913,bos taurus,P19711_Q0VC92
11100,bovine viral diarrhea virus 1-nadl,9913,bos taurus,P19711_Q0VBW6
11100,bovine viral diarrhea virus 1-nadl,9913,bos taurus,F1N5V1_P19711
11100,bovine viral diarrhea virus 1-nadl,9913,bos taurus,P19711_Q2TBQ5
11100,bovine viral diarrhea virus 1-nadl,9913,bos taurus,P19711_Q56K14
11100,bovine viral diarrhea virus 1-nadl,9913,bos taurus,P19711_Q3ZBC8
11100,bovine viral diarrhea virus 1-nadl,9913,bos taurus,A6QNQ4_P19711
11100,bovine viral diarrhea virus 1-nadl,9913,bos taurus,G3X7B3_P19711
11100,bovine viral diarrhea virus 1-nadl,9913,bos taurus,P19711_Q6VE48
11100,bovine viral diarrhea virus 1-nadl,9913,bos taurus,E1BE11_P19711
11100,bovine viral diarrhea virus 1-nadl,9913,bos taurus,F1MKS3_P19711
11100,bovine viral diarrhea virus 1-nadl,9913,bos taurus,E1BK28_P19711
11100,bovine viral diarrhea virus 1-nadl,9913,bos taurus,P19711_Q3T142
11100,bovine viral diarrhea virus 1-nadl,9913,bos taurus,A7YY58_P19711
11100,bovine viral diarrhea virus 1-nadl,9913,bos taurus,P19711_Q3ZCH0
11100,bovine viral diarrhea virus 1-nadl,9913,bos taurus,P19711_Q08DT1
11100,bovine viral diarrhea virus 1-nadl,9913,bos taurus,P10462_P19711
11100,bovine viral diarrhea virus 1-nadl,9913,bos taurus,P19711_Q2NKZ1
11100,bovine viral diarrhea virus 1-nadl,9913,bos taurus,A6QNL5_P19711
11100,bovine viral diarrhea virus 1-nadl,9913,bos taurus,F1MLG3_P19711
11100,bovine viral diarrhea virus 1-nadl,9913,bos taurus,P19711_Q3SZ62
11100,bovine viral diarrhea virus 1-nadl,9913,bos taurus,P19711_Q9TU47
11100,bovine viral diarrhea virus 1-nadl,9913,bos taurus,P19711_Q2KJC9
11100,bovine viral diarrhea virus 1-nadl,9913,bos taurus,P19711_P52193
11100,bovine viral diarrhea virus 1-nadl,9913,bos taurus,A0JND0_P19711
11100,bovine viral diarrhea virus 1-nadl,9913,bos taurus,P19711_Q3ZBA4
11100,bovine viral diarrhea virus 1-nadl,9913,bos taurus,P19711_Q95140
11100,bovine viral diarrhea virus 1-nadl,9913,bos taurus,P19711_Q3SZV5
11100,bovine viral diarrhea virus 1-nadl,9913,bos taurus,P19711_Q1LZF9
11100,bovine viral diarrhea virus 1-nadl,9913,bos taurus,A5D7F4_P19711
11100,bovine viral diarrhea virus 1-nadl,9913,bos taurus,P19711_P53619
11100,bovine viral diarrhea virus 1-nadl,9913,bos taurus,F1ML06_P19711
11100,bovine viral diarrhea virus 1-nadl,9913,bos taurus,P07688_P19711
11100,bovine viral diarrhea virus 1-nadl,9913,bos taurus,A5PKA3_P19711
11100,bovine viral diarrhea virus 1-nadl,9913,bos taurus,P15690_P19711
11100,bovine viral diarrhea virus 1-nadl,9913,bos taurus,F1N169_P19711
11100,bovine viral diarrhea virus 1-nadl,9913,bos taurus,F1MPI4_P19711
11100,bovine viral diarrhea virus 1-nadl,9913,bos taurus,P19711_Q3ZBA5
11100,bovine viral diarrhea virus 1-nadl,9913,bos taurus,P19711_P80457
11100,bovine viral diarrhea virus 1-nadl,9913,bos taurus,P00829_P19711
11100,bovine viral diarrhea virus 1-nadl,9913,bos taurus,P19711_Q76LV1
11100,bovine viral diarrhea virus 1-nadl,9913,bos taurus,F1MUM9_P19711
11100,bovine viral diarrhea virus 1-nadl,9913,bos taurus,P19711_P39872
11100,bovine viral diarrhea virus 1-nadl,9913,bos taurus,O77775_P19711
11100,bovine viral diarrhea virus 1-nadl,9913,bos taurus,P19711_Q3T169
11100,bovine viral diarrhea virus 1-nadl,9913,bos taurus,P19711_Q5EA62
11100,bovine viral diarrhea virus 1-nadl,9913,bos taurus,A7Z057_P19711
11100,bovine viral diarrhea virus 1-nadl,9913,bos taurus,F1MEB4_P19711
11100,bovine viral diarrhea virus 1-nadl,9913,bos taurus,P06394_P19711
11100,bovine viral diarrhea virus 1-nadl,9913,bos taurus,A4FV29_P19711
11100,bovine viral diarrhea virus 1-nadl,9913,bos taurus,A4IF88_P19711
11100,bovine viral diarrhea virus 1-nadl,9913,bos taurus,F1MCK2_P19711
11100,bovine viral diarrhea virus 1-nadl,9913,bos taurus,P19711_Q08DK3
11100,bovine viral diarrhea virus 1-nadl,9913,bos taurus,P19711_Q9MYP6
11100,bovine viral diarrhea virus 1-nadl,9913,bos taurus,P13696_P19711
11100,bovine viral diarrhea virus 1-nadl,9913,bos taurus,P12763_P19711
11100,bovine viral diarrhea virus 1-nadl,9913,bos taurus,P19711_Q9MYW0
11100,bovine viral diarrhea virus 1-nadl,9913,bos taurus,P19711_Q5KR49
11100,bovine viral diarrhea virus 1-nadl,9913,bos taurus,F1MZ14_P19711
11100,bovine viral diarrhea virus 1-nadl,9913,bos taurus,E1BEK9_P19711
11100,bovine viral diarrhea virus 1-nadl,9913,bos taurus,P19711_Q3T0F2
11100,bovine viral diarrhea virus 1-nadl,9913,bos taurus,F1N7I6_P19711
11100,bovine viral diarrhea virus 1-nadl,9913,bos taurus,A6QLZ0_P19711
11100,bovine viral diarrhea virus 1-nadl,9913,bos taurus,P19711_P49951
11100,bovine viral diarrhea virus 1-nadl,9913,bos taurus,P19711_P21752
11100,bovine viral diarrhea virus 1-nadl,9913,bos taurus,E1BJI4_P19711
11100,bovine viral diarrhea virus 1-nadl,9913,bos taurus,G3MZ70_P19711
11100,bovine viral diarrhea virus 1-nadl,9913,bos taurus,A5PKH0_P19711
11100,bovine viral diarrhea virus 1-nadl,9913,bos taurus,P19711_Q29RV1
11100,bovine viral diarrhea virus 1-nadl,9913,bos taurus,P19711_Q3T056
11100,bovine viral diarrhea virus 1-nadl,9913,bos taurus,A8E4Q9_P19711
11100,bovine viral diarrhea virus 1-nadl,9913,bos taurus,A6QQP4_P19711
11100,bovine viral diarrhea virus 1-nadl,9913,bos taurus,P19711_Q3MHJ8
11100,bovine viral diarrhea virus 1-nadl,9913,bos taurus,P19711_Q1RMX7
11100,bovine viral diarrhea virus 1-nadl,9913,bos taurus,P19711_Q5EAE3
11100,bovine viral diarrhea virus 1-nadl,9913,bos taurus,P19711_Q5XQN5
11100,bovine viral diarrhea virus 1-nadl,9913,bos taurus,P19711_Q4JF28
11100,bovine viral diarrhea virus 1-nadl,9913,bos taurus,P19711_Q3SZ18
11100,bovine viral diarrhea virus 1-nadl,9913,bos taurus,A3KMW1_P19711
11100,bovine viral diarrhea virus 1-nadl,9913,bos taurus,P19711_Q3ZCL8
11100,bovine viral diarrhea virus 1-nadl,9913,bos taurus,P19711_Q32LP2
11100,bovine viral diarrhea virus 1-nadl,9913,bos taurus,P19711_P45478
11100,bovine viral diarrhea virus 1-nadl,9913,bos taurus,P19711_Q3SZ90
11100,bovine viral diarrhea virus 1-nadl,9913,bos taurus,P19711_Q3SYU2
11100,bovine viral diarrhea virus 1-nadl,9913,bos taurus,P19711_P81282
11100,bovine viral diarrhea virus 1-nadl,9913,bos taurus,F1MWD3_P19711
11100,bovine viral diarrhea virus 1-nadl,9913,bos taurus,P19711_Q5E9X4
11100,bovine viral diarrhea virus 1-nadl,9913,bos taurus,P19711_Q2HJ89
11100,bovine viral diarrhea virus 1-nadl,9913,bos taurus,P19711_Q2KJ25
11100,bovine viral diarrhea virus 1-nadl,9913,bos taurus,P19711_Q95J56
11100,bovine viral diarrhea virus 1-nadl,9913,bos taurus,P19711_Q27971
11100,bovine viral diarrhea virus 1-nadl,9913,bos taurus,G3MX91_P19711
11100,bovine viral diarrhea virus 1-nadl,9913,bos taurus,E1BFG0_P19711
11100,bovine viral diarrhea virus 1-nadl,9913,bos taurus,P19711_Q2KII4
11100,bovine viral diarrhea virus 1-nadl,9913,bos taurus,P19711_Q5E997
11100,bovine viral diarrhea virus 1-nadl,9913,bos taurus,P19711_Q95108
11100,bovine viral diarrhea virus 1-nadl,9913,bos taurus,P19711_Q2TBN8
11100,bovine viral diarrhea virus 1-nadl,9913,bos taurus,A7YWS3_P19711
11100,bovine viral diarrhea virus 1-nadl,9913,bos taurus,P19711_Q148H5
11100,bovine viral diarrhea virus 1-nadl,9913,bos taurus,O97680_P19711
11100,bovine viral diarrhea virus 1-nadl,9913,bos taurus,P19711_Q3ZC07
11100,bovine viral diarrhea virus 1-nadl,9913,bos taurus,P19711_Q17QC8
11100,bovine viral diarrhea virus 1-nadl,9913,bos taurus,P19711_Q862I1
11100,bovine viral diarrhea virus 1-nadl,9913,bos taurus,P19711_Q3SZR8
11100,bovine viral diarrhea virus 1-nadl,9913,bos taurus,P19711_Q3SZR9
11100,bovine viral diarrhea virus 1-nadl,9913,bos taurus,A1L5B6_P19711
11100,bovine viral diarrhea virus 1-nadl,9913,bos taurus,P19711_Q32P97
11100,bovine viral diarrhea virus 1-nadl,9913,bos taurus,A0JN70_P19711
11100,bovine viral diarrhea virus 1-nadl,9913,bos taurus,P19711_Q3ZBH0
11100,bovine viral diarrhea virus 1-nadl,9913,bos taurus,P19711_Q3MHY1
11100,bovine viral diarrhea virus 1-nadl,9913,bos taurus,P19711_Q3T0I2
11100,bovine viral diarrhea virus 1-nadl,9913,bos taurus,P00442_P19711
11100,bovine viral diarrhea virus 1-nadl,9913,bos taurus,A6QPG8_P19711
11100,bovine viral diarrhea virus 1-nadl,9913,bos taurus,P19711_P35705
11100,bovine viral diarrhea virus 1-nadl,9913,bos taurus,A5D9B6_P19711
11100,bovine viral diarrhea virus 1-nadl,9913,bos taurus,P19711_Q865V0
11100,bovine viral diarrhea virus 1-nadl,9913,bos taurus,F1N3L7_P19711
11100,bovine viral diarrhea virus 1-nadl,9913,bos taurus,P19711_Q148G7
11100,bovine viral diarrhea virus 1-nadl,9913,bos taurus,P19711_Q3SZB4
11100,bovine viral diarrhea virus 1-nadl,9913,bos taurus,P19711_Q3SZB5
11100,bovine viral diarrhea virus 1-nadl,9913,bos taurus,F1MFJ6_P19711
11100,bovine viral diarrhea virus 1-nadl,9913,bos taurus,E1BE32_P19711
11100,bovine viral diarrhea virus 1-nadl,72004,bos mutus,L8INJ9_P19711
11100,bovine viral diarrhea virus 1-nadl,9823,sus scrofa,F1S418_P19711
11100,bovine viral diarrhea virus 1-nadl,9823,sus scrofa,M3UZ49_P19711
11100,bovine viral diarrhea virus 1-nadl,9823,sus scrofa,F1RT83_P19711
11100,bovine viral diarrhea virus 1-nadl,9823,sus scrofa,I3LLZ3_P19711
11100,bovine viral diarrhea virus 1-nadl,9823,sus scrofa,O46427_P19711
11100,bovine viral diarrhea virus 1-nadl,9823,sus scrofa,I3LPL3_P19711
11100,bovine viral diarrhea virus 1-nadl,9823,sus scrofa,P19711_P41367
11100,bovine viral diarrhea virus 1-nadl,9823,sus scrofa,I3L6L7_P19711
11100,bovine viral diarrhea virus 1-nadl,9823,sus scrofa,F1SX59_P19711
11100,bovine viral diarrhea virus 1-nadl,9823,sus scrofa,F1RS71_P19711
11100,bovine viral diarrhea virus 1-nadl,9823,sus scrofa,F1RFI7_P19711
11100,bovine viral diarrhea virus 1-nadl,9823,sus scrofa,F1SQL5_P19711
11100,bovine viral diarrhea virus 1-nadl,9823,sus scrofa,P19711_Q45FY6
11100,bovine viral diarrhea virus 1-nadl,9823,sus scrofa,A1E295_P19711
11100,bovine viral diarrhea virus 1-nadl,9823,sus scrofa,A0A287A361_P19711
11100,bovine viral diarrhea virus 1-nadl,9823,sus scrofa,F1S7T5_P19711
11100,bovine viral diarrhea virus 1-nadl,9823,sus scrofa,I3LNA4_P19711
11100,bovine viral diarrhea virus 1-nadl,9823,sus scrofa,M3VK34_P19711
28344,porcine reproductive and respiratory syndrome virus,9823,sus scrofa,F1S8L8_X5D6G5
28344,porcine reproductive and respiratory syndrome virus,9823,sus scrofa,F1RTC2_X5D6G5
28344,porcine reproductive and respiratory syndrome virus,9823,sus scrofa,AAM55417_X5D6G5
28344,porcine reproductive and respiratory syndrome virus,9823,sus scrofa,A5A751_X5D6G5
28344,porcine reproductive and respiratory syndrome virus,9823,sus scrofa,A6YQT5_K7GS49
28344,porcine reproductive and respiratory syndrome virus,9823,sus scrofa,F1SDJ8_X5D6G5
28344,porcine reproductive and respiratory syndrome virus,9823,sus scrofa,F1S586_X5D6G5
28344,porcine reproductive and respiratory syndrome virus,9823,sus scrofa,Q6QRN9_X5D6G5
28344,porcine reproductive and respiratory syndrome virus,9823,sus scrofa,I3L7W7_X5D6G5
28344,porcine reproductive and respiratory syndrome virus,9823,sus scrofa,Q764N2_X5D6G5
28344,porcine reproductive and respiratory syndrome virus,9823,sus scrofa,F1RS11_X5D6G5
28344,porcine reproductive and respiratory syndrome virus,9823,sus scrofa,D0G785_X5D6G5
28344,porcine reproductive and respiratory syndrome virus,9823,sus scrofa,F8TEL5_X5D6G5
28344,porcine reproductive and respiratory syndrome virus,9823,sus scrofa,F1S4M8_X5D6G5
28344,porcine reproductive and respiratory syndrome virus,9823,sus scrofa,F1SIK8_X5D6G5
28344,porcine reproductive and respiratory syndrome virus,9823,sus scrofa,F1RS52_X5D6G5
28344,porcine reproductive and respiratory syndrome virus,9823,sus scrofa,F1RWB6_X5D6G5
28344,porcine reproductive and respiratory syndrome virus,9823,sus scrofa,I3LC25_X5D6G5
28344,porcine reproductive and respiratory syndrome virus,9823,sus scrofa,F1SCV9_X5D6G5
28344,porcine reproductive and respiratory syndrome virus,9823,sus scrofa,A7UAT8_X5D6G5
28344,porcine reproductive and respiratory syndrome virus,9823,sus scrofa,B5SNZ6_X5D6G5
28344,porcine reproductive and respiratory syndrome virus,9823,sus scrofa,Q9TUY2_X5D6G5
28344,porcine reproductive and respiratory syndrome virus,9823,sus scrofa,F1S0W0_X5D6G5
28344,porcine reproductive and respiratory syndrome virus,9823,sus scrofa,Q6RI85_X5D6G5
28344,porcine reproductive and respiratory syndrome virus,9823,sus scrofa,A0A286ZS41_X5D6G5
28344,porcine reproductive and respiratory syndrome virus,9823,sus scrofa,F1SKS0_X5D6G5
28344,porcine reproductive and respiratory syndrome virus,9823,sus scrofa,F1SFV3_X5D6G5
28344,porcine reproductive and respiratory syndrome virus,9823,sus scrofa,F1RFE3_X5D6G5
28344,porcine reproductive and respiratory syndrome virus,9823,sus scrofa,F1SBK5_X5D6G5
28344,porcine reproductive and respiratory syndrome virus,9823,sus scrofa,Q7YS84_X5D6G5
28344,porcine reproductive and respiratory syndrome virus,9823,sus scrofa,I3LPL4_X5D6G5
28344,porcine reproductive and respiratory syndrome virus,9823,sus scrofa,A6N8P5_X5D6G5
28344,porcine reproductive and respiratory syndrome virus,9823,sus scrofa,A0A287AS36_X5D6G5
28344,porcine reproductive and respiratory syndrome virus,9823,sus scrofa,Q6T4P4_X5D6G5
28344,porcine reproductive and respiratory syndrome virus,9823,sus scrofa,I3LTP0_X5D6G5
28344,porcine reproductive and respiratory syndrome virus,9823,sus scrofa,P00761_X5D6G5
28344,porcine reproductive and respiratory syndrome virus,9823,sus scrofa,Q6QAQ7_X5D6G5
28344,porcine reproductive and respiratory syndrome virus,9823,sus scrofa,F1RGD9_X5D6G5
28344,porcine reproductive and respiratory syndrome virus,9823,sus scrofa,I3LA20_X5D6G5
28344,porcine reproductive and respiratory syndrome virus,9823,sus scrofa,K7GS49_X5D6G5
28344,porcine reproductive and respiratory syndrome virus,9823,sus scrofa,F1S031_X5D6G5
28344,porcine reproductive and respiratory syndrome virus,9823,sus scrofa,Q52QT8_X5D6G5
28344,porcine reproductive and respiratory syndrome virus,9823,sus scrofa,F1RKG1_X5D6G5
11104,hepatitis c virus (isolate 1),10090,mus musculus,P26664_Q91XE4
11105,hepatitis c virus (isolate bk),10090,mus musculus,P26663_P52480
11105,hepatitis c virus (isolate bk),10090,mus musculus,P26663_Q62245
12305,cucumber mosaic virus,3702,arabidopsis thaliana,C1KKL7_Q42547
12307,cucumber mosaic virus (strain fny),3702,arabidopsis thaliana,P0C783_Q42547
31749,obuda pepper virus,4100,nicotiana benthamiana,B2C7Y6_P90211
11908,human t-lymphotropic virus 1,10090,mus musculus,Q82235_Q9DBG9
329852,escherichia virus ms2,562,escherichia coli,AAC76325_P03612
329852,escherichia virus ms2,562,escherichia coli,AAC76281_P03612
329852,escherichia virus ms2,562,escherichia coli,AAC76116_P03612
329852,escherichia virus ms2,562,escherichia coli,BA000007_P03612
329852,escherichia virus ms2,562,escherichia coli,AAT48213_P03612
329852,escherichia virus ms2,562,escherichia coli,AAC74783_P03612
329852,escherichia virus ms2,562,escherichia coli,AAC76110_P03612
503404,tomato yellow leaf curl virus-mild [japan:atumi],3702,arabidopsis thaliana,Q764F6_Q9LDX1
503404,tomato yellow leaf curl virus-mild [japan:atumi],4081,solanum lycopersicum,A5YVF1_Q764F6
10530,murine adenovirus 1,10090,mus musculus,P12534_P13405
10530,murine adenovirus 1,10090,mus musculus,P12534_Q64701
10320,bovine alphaherpesvirus 1,9913,bos taurus,Q0VD32_Q89582
10320,bovine alphaherpesvirus 1,9913,bos taurus,P67868_Q4VW77
10320,bovine alphaherpesvirus 1,9913,bos taurus,B0JYL6_Q4VW77
10320,bovine alphaherpesvirus 1,9913,bos taurus,F1MQ85_Q89582
10320,bovine alphaherpesvirus 1,9913,bos taurus,A1A4K3_Q4VW77
10320,bovine alphaherpesvirus 1,9913,bos taurus,Q3ZBY5_Q89582
10320,bovine alphaherpesvirus 1,9913,bos taurus,E1B705_Q89582
10320,bovine alphaherpesvirus 1,9913,bos taurus,P60712_Q4VW77
10320,bovine alphaherpesvirus 1,9913,bos taurus,F6RA30_Q89582
10320,bovine alphaherpesvirus 1,9913,bos taurus,A5PJP2_Q89582
10320,bovine alphaherpesvirus 1,9913,bos taurus,E1BHE1_Q89582
10320,bovine alphaherpesvirus 1,9534,chlorocebus aethiops,Q4R4G2_Q4VW77
10323,bovine herpesvirus type 1.1 (strain cooper),10116,rattus norvegicus,P36372_Q77CE4
10323,bovine herpesvirus type 1.1 (strain cooper),10116,rattus norvegicus,P36370_Q77CE4
10323,bovine herpesvirus type 1.1 (strain cooper),60711,chlorocebus sabaeus,A0A0D9R898_P30022
10324,bovine herpesvirus type 1.1 (strain p8-2),9913,bos taurus,A1A4K3_P30021
10324,bovine herpesvirus type 1.1 (strain p8-2),9913,bos taurus,P30021_P60712
82830,epstein-barr virus strain ag876,748671,lactobacillus crispatus st1,D5H2E2_Q1HVD3
82830,epstein-barr virus strain ag876,375286,janthinobacterium sp. marseille,A6SZC0_P0CK48
10326,equid alphaherpesvirus 1,9796,equus caballus,Q6F4H9_Q9XS82
79889,bovine herpesvirus type 1.1,9913,bos taurus,E1B8D6_K4P3M7
79889,bovine herpesvirus type 1.1,10090,mus musculus,Q01705_Q77CA8
79889,bovine herpesvirus type 1.1,10090,mus musculus,Q61982_Q77CA8
11801,moloney murine leukemia virus,10090,mus musculus,Q60953_Q8UN00
11801,moloney murine leukemia virus,10090,mus musculus,Q8UN00_Q9JM05
142803,rice dwarf virus (isolate akita),4530,oryza sativa,O22544_Q85449
992212,sfts virus hb29,10116,rattus norvegicus,F1BA49_Q62625
11259,human respiratory syncytial virus a2,9534,chlorocebus aethiops,M1QCQ2_P03418
11259,human respiratory syncytial virus a2,10036,mesocricetus auratus,A0A1U8BTE0_P03421
11259,human respiratory syncytial virus a2,10036,mesocricetus auratus,A0A1U8BEQ4_P03421
11259,human respiratory syncytial virus a2,10036,mesocricetus auratus,P28887_P86233
11259,human respiratory syncytial virus a2,10036,mesocricetus auratus,A0A1U7QGQ7_P03421
11259,human respiratory syncytial virus a2,10036,mesocricetus auratus,A0A1U8BTJ2_P03421
11259,human respiratory syncytial virus a2,10036,mesocricetus auratus,A0A1U8C0U3_P03421
11259,human respiratory syncytial virus a2,10036,mesocricetus auratus,A0A1U8C662_P03421
11259,human respiratory syncytial virus a2,10036,mesocricetus auratus,A0A1U8CFV0_P28887
11259,human respiratory syncytial virus a2,10036,mesocricetus auratus,A0A1U8CL62_P03421
11259,human respiratory syncytial virus a2,10036,mesocricetus auratus,A0A1U8CGH3_P28887
11259,human respiratory syncytial virus a2,10036,mesocricetus auratus,A0A1U8CHE2_P03421
11259,human respiratory syncytial virus a2,10036,mesocricetus auratus,P28887_Q60550
11259,human respiratory syncytial virus a2,10036,mesocricetus auratus,A0A1U8D1N1_P28887
11259,human respiratory syncytial virus a2,10036,mesocricetus auratus,A0A1U7Q4M9_P03421
11259,human respiratory syncytial virus a2,10036,mesocricetus auratus,A0A1U8CHE2_P28887
11259,human respiratory syncytial virus a2,10036,mesocricetus auratus,A0A1U7R1Q6_P03421
11259,human respiratory syncytial virus a2,10036,mesocricetus auratus,A0A1U8C6K3_P03421
11259,human respiratory syncytial virus a2,10036,mesocricetus auratus,A0A1U7Q4M9_P28887
11259,human respiratory syncytial virus a2,10036,mesocricetus auratus,A0A1U8BU27_P03421
11259,human respiratory syncytial virus a2,10036,mesocricetus auratus,A0A1U8CFV0_P03421
11259,human respiratory syncytial virus a2,10036,mesocricetus auratus,A0A1U8BI10_P03421
11259,human respiratory syncytial virus a2,10036,mesocricetus auratus,P28887_P86245
11259,human respiratory syncytial virus a2,10036,mesocricetus auratus,A0A1U7R1Q6_P28887
11259,human respiratory syncytial virus a2,10036,mesocricetus auratus,A0A1U7QRY9_P28887
11259,human respiratory syncytial virus a2,10036,mesocricetus auratus,A0A1U7Q2T6_P03421
11259,human respiratory syncytial virus a2,10036,mesocricetus auratus,A0A1U7QM01_P28887
11259,human respiratory syncytial virus a2,10036,mesocricetus auratus,A0A1U8C625_P03421
11259,human respiratory syncytial virus a2,10036,mesocricetus auratus,A0A1U7QUA9_P03421
11259,human respiratory syncytial virus a2,10036,mesocricetus auratus,A0A1U7QD74_P28887
11259,human respiratory syncytial virus a2,10036,mesocricetus auratus,A0A1U8BEQ4_P28887
11259,human respiratory syncytial virus a2,10036,mesocricetus auratus,A0A1U7QM01_P03421
11259,human respiratory syncytial virus a2,10036,mesocricetus auratus,A0A1U7QPR4_P03421
11259,human respiratory syncytial virus a2,10036,mesocricetus auratus,A0A1U7QV25_P03421
11259,human respiratory syncytial virus a2,10036,mesocricetus auratus,A0A1U7R985_P03421
11259,human respiratory syncytial virus a2,10036,mesocricetus auratus,A0A1U8C780_P03421
11259,human respiratory syncytial virus a2,10036,mesocricetus auratus,A0A1U7QGK0_P03421
11259,human respiratory syncytial virus a2,10036,mesocricetus auratus,A0A1U7Q2T6_P28887
11259,human respiratory syncytial virus a2,10036,mesocricetus auratus,A0A1U7QEF1_P03421
11259,human respiratory syncytial virus a2,10036,mesocricetus auratus,P03421_Q0QEW7
11259,human respiratory syncytial virus a2,10036,mesocricetus auratus,A0A1U7QTG4_P03421
11208,simian virus 5 (strain w3),9031,gallus gallus,D9N195_P11207
11208,simian virus 5 (strain w3),9913,bos taurus,E1BJZ0_P11207
11208,simian virus 5 (strain w3),10090,mus musculus,P11207_Q6Q899
11208,simian virus 5 (strain w3),10090,mus musculus,P11207_Q8R5F7
11208,simian virus 5 (strain w3),9823,sus scrofa,A7LCX1_P11207
11208,simian virus 5 (strain w3),59729,taeniopygia guttata,H0Z993_P11207
480808,mycobacterium phage giles,246196,mycobacterium smegmatis str. mc2 155,A0QRU8_A8WA35
480808,mycobacterium phage giles,246196,mycobacterium smegmatis str. mc2 155,A0QXZ9_A8WA52
480808,mycobacterium phage giles,246196,mycobacterium smegmatis str. mc2 155,A0R684_A8WA42
480808,mycobacterium phage giles,246196,mycobacterium smegmatis str. mc2 155,A0QUX1_A8WA52
480808,mycobacterium phage giles,246196,mycobacterium smegmatis str. mc2 155,A0R3H8_A8WA52
480808,mycobacterium phage giles,246196,mycobacterium smegmatis str. mc2 155,A0QSD3_A8WA17
480808,mycobacterium phage giles,246196,mycobacterium smegmatis str. mc2 155,A0R0M8_A8WA22
480808,mycobacterium phage giles,246196,mycobacterium smegmatis str. mc2 155,A0QT01_A8WA05
480808,mycobacterium phage giles,246196,mycobacterium smegmatis str. mc2 155,A0R3X1_A8WA35
480808,mycobacterium phage giles,246196,mycobacterium smegmatis str. mc2 155,A0QTT2_A8WA53
480808,mycobacterium phage giles,246196,mycobacterium smegmatis str. mc2 155,A0QRI6_A8WA23
480808,mycobacterium phage giles,246196,mycobacterium smegmatis str. mc2 155,A0QTX7_A8WA17
480808,mycobacterium phage giles,246196,mycobacterium smegmatis str. mc2 155,A0R6W9_A8WA52
480808,mycobacterium phage giles,246196,mycobacterium smegmatis str. mc2 155,A0R0L7_A8WA42
480808,mycobacterium phage giles,246196,mycobacterium smegmatis str. mc2 155,A0QU44_A8WA19
480808,mycobacterium phage giles,246196,mycobacterium smegmatis str. mc2 155,A0QYW6_A8WA35
480808,mycobacterium phage giles,246196,mycobacterium smegmatis str. mc2 155,A0QYQ7_A8WA52
480808,mycobacterium phage giles,246196,mycobacterium smegmatis str. mc2 155,A8WA42_I7FZH1
480808,mycobacterium phage giles,246196,mycobacterium smegmatis str. mc2 155,A0R6X2_A8WA53
480808,mycobacterium phage giles,246196,mycobacterium smegmatis str. mc2 155,A0QRX4_A8WA35
480808,mycobacterium phage giles,246196,mycobacterium smegmatis str. mc2 155,A0R4B7_A8WA05
480808,mycobacterium phage giles,246196,mycobacterium smegmatis str. mc2 155,A0R3S1_A8WA19
480808,mycobacterium phage giles,246196,mycobacterium smegmatis str. mc2 155,A0R1F2_A8WA44
480808,mycobacterium phage giles,246196,mycobacterium smegmatis str. mc2 155,A0R3Y7_A8WA53
480808,mycobacterium phage giles,246196,mycobacterium smegmatis str. mc2 155,A0QZU6_A8WA52
12253,tomato mosaic virus,4081,solanum lycopersicum,A7M6E7_Q80LF9
12253,tomato mosaic virus,4081,solanum lycopersicum,A7M6E7_Q80LG0
11685,hiv-1 m:b_arv2/sf2,10116,rattus norvegicus,P05952_Q05962
11686,human immunodeficiency virus type 1 (bru isolate),9534,chlorocebus aethiops,P03348_Q6SSD8
91753,cucurbit aphid-borne yellows virus,3702,arabidopsis thaliana,Q39255_Q65967
91753,cucurbit aphid-borne yellows virus,3702,arabidopsis thaliana,Q65967_Q9FHW7
91753,cucurbit aphid-borne yellows virus,3702,arabidopsis thaliana,Q65967_Q94AH6
10879,pseudomonas phage phi6,264730,pseudomonas savastanoi pv. phaseolicola 1448a,P11126_Q48EH2
10879,pseudomonas phage phi6,319,pseudomonas savastanoi pv. phaseolicola,P11126_Q48EH2
356411,hepatitis c virus jfh-1,10116,rattus norvegicus,Q62625_Q99IB8
356411,hepatitis c virus jfh-1,10090,mus musculus,Q99IB8_Q9Z2A7
356411,hepatitis c virus jfh-1,10029,cricetulus griseus,G3IDM9_Q99IB8
10872,pseudomonas phage pf3,83333,escherichia coli k-12,P03623_P25714
10872,pseudomonas phage pf3,83333,escherichia coli k-12,P03623_P07019
10708,pseudomonas phage d3112,208963,pseudomonas aeruginosa ucbpp-pa14,Q02MM0_Q6TM72
10708,pseudomonas phage d3112,208963,pseudomonas aeruginosa ucbpp-pa14,Q02ML9_Q6TM72
10708,pseudomonas phage d3112,208963,pseudomonas aeruginosa ucbpp-pa14,Q02MM1_Q6TM72
10708,pseudomonas phage d3112,208963,pseudomonas aeruginosa ucbpp-pa14,Q02MM2_Q6TM72
10370,human herpesvirus 6 (strain uganda-1102),559292,saccharomyces cerevisiae s288c,P24448_P53267
12302,brome mosaic virus,559292,saccharomyces cerevisiae s288c,P03588_Q12402
12302,brome mosaic virus,559292,saccharomyces cerevisiae s288c,P03588_Q04947
12302,brome mosaic virus,559292,saccharomyces cerevisiae s288c,P03588_Q12443
12302,brome mosaic virus,4932,saccharomyces cerevisiae,P03588_Q12402
12302,brome mosaic virus,4932,saccharomyces cerevisiae,P03588_Q04947
12302,brome mosaic virus,4932,saccharomyces cerevisiae,P03588_Q12443
490133,hepatitis b virus ayw/france/tiollais/1979,10090,mus musculus,P03165_P31750
12643,ectromelia virus,10090,mus musculus,O35903_O57300
12643,ectromelia virus,10090,mus musculus,P40224_Q9JFT2
12643,ectromelia virus,10090,mus musculus,O35903_Q9JFT2
12643,ectromelia virus,10090,mus musculus,O35903_Q8JLJ0
12643,ectromelia virus,10090,mus musculus,O55038_Q8JLJ0
12643,ectromelia virus,10090,mus musculus,O55038_Q9JFT2
12643,ectromelia virus,10090,mus musculus,P40224_Q8JLJ0
11082,west nile virus,7159,aedes aegypti,P06935_Q16K62
11082,west nile virus,7159,aedes aegypti,P06935_Q17NZ6
31531,vaccinia virus l-ipv,559292,saccharomyces cerevisiae s288c,Q03860_YKL003
31531,vaccinia virus l-ipv,10090,mus musculus,P68451_Q91ZE9
31531,vaccinia virus l-ipv,10090,mus musculus,P62816_P68451
31531,vaccinia virus l-ipv,10090,mus musculus,O88597_P68451
31531,vaccinia virus l-ipv,10090,mus musculus,P68451_Q4JG03
31531,vaccinia virus l-ipv,266,paracoccus denitrificans,P22364_P29889
12242,tobacco mosaic virus,3702,arabidopsis thaliana,A0A178URJ7_P03586
12243,tobacco mosaic virus (vulgare),4100,nicotiana benthamiana,B2C7Y6_P03586
12243,tobacco mosaic virus (vulgare),4097,nicotiana tabacum,P03586_Q75WV4
10329,equine herpesvirus type 1 (strain kentucky a),9796,equus caballus,F6RKM7_P17473
10754,salmonella virus p22,83333,escherichia coli k-12,P08394_P11191
1093672,pseudomonas phage jbd26,208963,pseudomonas aeruginosa ucbpp-pa14,H6V8P1_Q02MM2
11759,mouse mammary tumor virus (strain c3h),10090,mus musculus,Q85646_Q9QUI1
11691,human immunodeficiency virus type 1 (sf162 isolate),10090,mus musculus,P19554_P84091
11691,human immunodeficiency virus type 1 (sf162 isolate),10090,mus musculus,P19554_P35585
587200,variola virus human/india/ind3/1967,10116,rattus norvegicus,P16599_P34015
587200,variola virus human/india/ind3/1967,10090,mus musculus,P06804_P34015
450149,simian rotavirus a/sa11-h96,9534,chlorocebus aethiops,A2T3M4_P13481
10637,mouse polyomavirus (strain crawford small-plaque),10090,mus musculus,P12908_P14733
10636,murine polyomavirus strain a2,10090,mus musculus,P03096_P14733
10636,murine polyomavirus strain a2,10090,mus musculus,P03096_P08113
11096,classical swine fever virus,9825,sus scrofa domesticus,A0A0B8RVK9_Q9YS30
11096,classical swine fever virus,9823,sus scrofa,F1SBS1_Q9YS30
11096,classical swine fever virus,9823,sus scrofa,F1SBL0_Q5U8X5
11096,classical swine fever virus,9823,sus scrofa,F2Z5H9_Q5U8X5
11096,classical swine fever virus,9823,sus scrofa,F1SE73_Q5U8X5
11096,classical swine fever virus,9823,sus scrofa,I3L5D4_Q5U8X5
11096,classical swine fever virus,9823,sus scrofa,I3LSP1_Q9YS30
11096,classical swine fever virus,9823,sus scrofa,Q5U8X5_Q864B5
11096,classical swine fever virus,9823,sus scrofa,P02067_Q5U8X5
11096,classical swine fever virus,9823,sus scrofa,F1SQL5_Q5U8X5
11096,classical swine fever virus,9823,sus scrofa,F1S3W8_Q5U8X5
11096,classical swine fever virus,9823,sus scrofa,P63246_Q9YS30
11096,classical swine fever virus,9823,sus scrofa,K7ZLA6_Q5U8X5
11096,classical swine fever virus,9823,sus scrofa,F1S3J2_Q5U8X5
11096,classical swine fever virus,9823,sus scrofa,Q35915_Q5U8X5
11096,classical swine fever virus,9823,sus scrofa,D7PRN1_Q5U8X5
11096,classical swine fever virus,9823,sus scrofa,A0A286ZV95_Q9YS30
11096,classical swine fever virus,9823,sus scrofa,F1SKJ2_Q5U8X5
11096,classical swine fever virus,9823,sus scrofa,P63246_Q5U8X5
11096,classical swine fever virus,9823,sus scrofa,F1SF21_Q5U8X5
11096,classical swine fever virus,9823,sus scrofa,F1RVY7_Q5U8X5
11096,classical swine fever virus,9823,sus scrofa,I3LPM1_Q9YS30
11096,classical swine fever virus,9823,sus scrofa,B6VAQ2_Q5U8X5
11096,classical swine fever virus,9823,sus scrofa,F2X8A1_I3L813
11096,classical swine fever virus,9823,sus scrofa,Q5U8X5_Q6QAQ1
11096,classical swine fever virus,9823,sus scrofa,B2XWS1_Q5U8X5
11096,classical swine fever virus,9823,sus scrofa,P49171_Q5U8X5
11096,classical swine fever virus,9823,sus scrofa,F2X8A1_I3LEC2
11096,classical swine fever virus,9823,sus scrofa,I3L928_Q5U8X5
11096,classical swine fever virus,9823,sus scrofa,F1RUT0_Q9YS30
11096,classical swine fever virus,9823,sus scrofa,I3LII3_Q5U8X5
11096,classical swine fever virus,9823,sus scrofa,A3EX84_Q5U8X5
11096,classical swine fever virus,9823,sus scrofa,K7GMX1_Q9YS30
11096,classical swine fever virus,9823,sus scrofa,F1S1A8_Q5U8X5
11096,classical swine fever virus,9823,sus scrofa,F1SID4_Q9YS30
11096,classical swine fever virus,9823,sus scrofa,F2X8A1_P19130
11096,classical swine fever virus,9823,sus scrofa,P00355_Q5U8X5
11096,classical swine fever virus,9823,sus scrofa,A0A0A7HF29_Q9YS30
11096,classical swine fever virus,9823,sus scrofa,F1SNL7_Q5U8X5
11096,classical swine fever virus,9823,sus scrofa,Q5U8X5_Q9GLV6
11096,classical swine fever virus,9823,sus scrofa,F1RRJ4_Q9YS30
11096,classical swine fever virus,9823,sus scrofa,Q5U8X5_Q8MJ14
11096,classical swine fever virus,9823,sus scrofa,Q2YHQ3_Q5U8X5
11096,classical swine fever virus,9823,sus scrofa,F2X8A1_Q49I35
11096,classical swine fever virus,9823,sus scrofa,Q5U8X5_Q9TSW1
11096,classical swine fever virus,9823,sus scrofa,B1PVV8_Q04967
11096,classical swine fever virus,9823,sus scrofa,F1RUZ6_Q9YS30
11096,classical swine fever virus,9823,sus scrofa,P19620_Q9YS30
11096,classical swine fever virus,9823,sus scrofa,P04246_Q5U8X5
11096,classical swine fever virus,9823,sus scrofa,A9YUB1_Q9YS30
11096,classical swine fever virus,9823,sus scrofa,I3LK59_Q5U8X5
11096,classical swine fever virus,9823,sus scrofa,A7TX81_Q9YS30
11096,classical swine fever virus,9823,sus scrofa,F1SB42_F2X8A1
11096,classical swine fever virus,9823,sus scrofa,Q5U8X5_Q5W9D5
11096,classical swine fever virus,9823,sus scrofa,I3LE95_Q5U8X5
11096,classical swine fever virus,9823,sus scrofa,P62197_Q5U8X5
11096,classical swine fever virus,9823,sus scrofa,B1PVV8_Q0PY11
11096,classical swine fever virus,9823,sus scrofa,P62901_Q5U8X5
11096,classical swine fever virus,9823,sus scrofa,F1SBS1_Q5U8X5
11096,classical swine fever virus,9823,sus scrofa,F2X8A1_Q29328
11097,hog cholera virus (strain alfort),9823,sus scrofa,P19620_P19712
11097,hog cholera virus (strain alfort),9823,sus scrofa,F1S912_P19712
11097,hog cholera virus (strain alfort),9823,sus scrofa,P19712_Q764M6
648235,murine minute virus strain mvm prototype,10116,rattus norvegicus,P0DJZ2_Q80U96
648235,murine minute virus strain mvm prototype,10090,mus musculus,P03134_P97801
648235,murine minute virus strain mvm prototype,10090,mus musculus,A2AIM4_P03134
648235,murine minute virus strain mvm prototype,10090,mus musculus,P03134_Q60737
648235,murine minute virus strain mvm prototype,10090,mus musculus,P03134_P21107
648235,murine minute virus strain mvm prototype,10090,mus musculus,P0DJZ2_Q6P5F9
11215,bovine respirovirus 3,10090,mus musculus,P06164_Q60680
11098,classical swine fever virus - brescia,9913,bos taurus,E1BEK9_P21530
11098,classical swine fever virus - brescia,9913,bos taurus,A7YWS3_P21530
11098,classical swine fever virus - brescia,9913,bos taurus,P21530_Q2KII4
11098,classical swine fever virus - brescia,9913,bos taurus,A5PKH0_P21530
11098,classical swine fever virus - brescia,9913,bos taurus,P21530_Q9TU47
11098,classical swine fever virus - brescia,9913,bos taurus,F1MLG3_P21530
11098,classical swine fever virus - brescia,9913,bos taurus,P21530_P45478
11098,classical swine fever virus - brescia,9913,bos taurus,F1MFJ6_P21530
11098,classical swine fever virus - brescia,9913,bos taurus,P21530_Q3T142
11098,classical swine fever virus - brescia,9913,bos taurus,E1BBZ3_P21530
11098,classical swine fever virus - brescia,9913,bos taurus,P21530_Q5E997
11098,classical swine fever virus - brescia,9913,bos taurus,E1BE11_P21530
11098,classical swine fever virus - brescia,9913,bos taurus,P21530_Q0VC92
11098,classical swine fever virus - brescia,9913,bos taurus,P21530_Q32P97
11098,classical swine fever virus - brescia,9913,bos taurus,A5PKA3_P21530
11098,classical swine fever virus - brescia,9913,bos taurus,P21530_Q5EA62
11098,classical swine fever virus - brescia,9913,bos taurus,P21530_Q08DK3
11098,classical swine fever virus - brescia,9913,bos taurus,P21530_Q2NKZ1
11098,classical swine fever virus - brescia,9913,bos taurus,A7YY58_P21530
11098,classical swine fever virus - brescia,9913,bos taurus,P15690_P21530
11098,classical swine fever virus - brescia,9913,bos taurus,O77775_P21530
11098,classical swine fever virus - brescia,9913,bos taurus,P21530_Q17QC8
11098,classical swine fever virus - brescia,9913,bos taurus,F1N169_P21530
11098,classical swine fever virus - brescia,9913,bos taurus,P21530_Q148G7
11098,classical swine fever virus - brescia,9913,bos taurus,P21530_Q865V0
11098,classical swine fever virus - brescia,9913,bos taurus,P21530_Q3T0F2
11098,classical swine fever virus - brescia,9913,bos taurus,A6QLZ0_P21530
11098,classical swine fever virus - brescia,9913,bos taurus,P21530_Q3MHH4
11098,classical swine fever virus - brescia,9913,bos taurus,P21530_Q2KJC9
11098,classical swine fever virus - brescia,9913,bos taurus,P21530_Q95108
11098,classical swine fever virus - brescia,9913,bos taurus,F1MZ14_P21530
11098,classical swine fever virus - brescia,9823,sus scrofa,K7GT69_P21530
11098,classical swine fever virus - brescia,9823,sus scrofa,P21530_Q45FY6
11098,classical swine fever virus - brescia,9823,sus scrofa,K7GQR1_P21530
11098,classical swine fever virus - brescia,9823,sus scrofa,F1SHI5_P21530
11098,classical swine fever virus - brescia,9823,sus scrofa,F1SKJ2_P21530
11098,classical swine fever virus - brescia,9823,sus scrofa,F1RFI7_P21530
11098,classical swine fever virus - brescia,9823,sus scrofa,F1SHD7_P21530
11098,classical swine fever virus - brescia,9823,sus scrofa,P21530_Q08353
11098,classical swine fever virus - brescia,9823,sus scrofa,K9IWF9_P21530
11098,classical swine fever virus - brescia,9823,sus scrofa,I3L8I5_P21530
11098,classical swine fever virus - brescia,9823,sus scrofa,A0A287A1K8_P21530
11098,classical swine fever virus - brescia,9823,sus scrofa,I3LFC3_P21530
11098,classical swine fever virus - brescia,9823,sus scrofa,F1SG35_P21530
11098,classical swine fever virus - brescia,9823,sus scrofa,F2Z5H9_P21530
11098,classical swine fever virus - brescia,9823,sus scrofa,F1S405_P21530
11098,classical swine fever virus - brescia,9823,sus scrofa,D0G0C9_P21530
11098,classical swine fever virus - brescia,9823,sus scrofa,A0A287BSS3_P21530
11098,classical swine fever virus - brescia,9823,sus scrofa,A0A286ZKC7_P21530
11098,classical swine fever virus - brescia,9823,sus scrofa,I3LM99_P21530
11098,classical swine fever virus - brescia,9823,sus scrofa,F1SD85_P21530
11098,classical swine fever virus - brescia,9823,sus scrofa,A0A286ZU83_P21530
11098,classical swine fever virus - brescia,9823,sus scrofa,A0A287A361_P21530
11098,classical swine fever virus - brescia,9823,sus scrofa,A1E295_P21530
11098,classical swine fever virus - brescia,9823,sus scrofa,M3TYW5_P21530
11098,classical swine fever virus - brescia,9823,sus scrofa,I3L6L7_P21530
11098,classical swine fever virus - brescia,9823,sus scrofa,F1RS71_P21530
11098,classical swine fever virus - brescia,9823,sus scrofa,M3UZ49_P21530
11098,classical swine fever virus - brescia,9823,sus scrofa,F1SKD4_P21530
11098,classical swine fever virus - brescia,9823,sus scrofa,K7GPN9_P21530
11098,classical swine fever virus - brescia,9823,sus scrofa,F1SAL9_P21530
11098,classical swine fever virus - brescia,9823,sus scrofa,A0A287BGL7_P21530
11098,classical swine fever virus - brescia,9823,sus scrofa,F1S729_P21530
11098,classical swine fever virus - brescia,9823,sus scrofa,P21530_Q2YHQ3
11098,classical swine fever virus - brescia,9823,sus scrofa,F1S418_P21530
11098,classical swine fever virus - brescia,9823,sus scrofa,F1SQL5_P21530
11098,classical swine fever virus - brescia,9823,sus scrofa,F1SRI0_P21530
11098,classical swine fever virus - brescia,9823,sus scrofa,F1SQJ5_P21530
11098,classical swine fever virus - brescia,9823,sus scrofa,P21530_Q29221
11098,classical swine fever virus - brescia,9823,sus scrofa,F1STI6_P21530
11098,classical swine fever virus - brescia,9823,sus scrofa,F1S7T5_P21530
11098,classical swine fever virus - brescia,9823,sus scrofa,A7WLH8_P21530
11098,classical swine fever virus - brescia,9823,sus scrofa,F1RT83_P21530
11098,classical swine fever virus - brescia,9823,sus scrofa,D0G6S1_P21530
11098,classical swine fever virus - brescia,9823,sus scrofa,I3LJU0_P21530
11098,classical swine fever virus - brescia,9823,sus scrofa,I3LPL3_P21530
11098,classical swine fever virus - brescia,9823,sus scrofa,F1RKI3_P21530
11098,classical swine fever virus - brescia,9823,sus scrofa,I3LNA4_P21530
11098,classical swine fever virus - brescia,9823,sus scrofa,K7GRV5_P21530
11098,classical swine fever virus - brescia,9823,sus scrofa,P21530_Q7YRH7
11098,classical swine fever virus - brescia,9823,sus scrofa,F1SD87_P21530
11098,classical swine fever virus - brescia,9823,sus scrofa,A0A287AYH9_P21530
11098,classical swine fever virus - brescia,9823,sus scrofa,I3LGV2_P21530
11098,classical swine fever virus - brescia,9823,sus scrofa,C0MHR2_P21530
11098,classical swine fever virus - brescia,9823,sus scrofa,I3LLZ3_P21530
11098,classical swine fever virus - brescia,9823,sus scrofa,M3VK34_P21530
11098,classical swine fever virus - brescia,9823,sus scrofa,P21530_P41367
11098,classical swine fever virus - brescia,9823,sus scrofa,I3LGM5_P21530
11098,classical swine fever virus - brescia,9823,sus scrofa,A0A287BFP7_P21530
11098,classical swine fever virus - brescia,9823,sus scrofa,I3LSM3_P21530
11098,classical swine fever virus - brescia,9823,sus scrofa,F1SX59_P21530
11098,classical swine fever virus - brescia,9823,sus scrofa,F1SQ44_P21530
11098,classical swine fever virus - brescia,9823,sus scrofa,F1SFQ0_P21530
11098,classical swine fever virus - brescia,9823,sus scrofa,O46427_P21530
11098,classical swine fever virus - brescia,9823,sus scrofa,F1SGD0_P21530
11098,classical swine fever virus - brescia,9823,sus scrofa,F1SLT8_P21530
11098,classical swine fever virus - brescia,9823,sus scrofa,F1RKM1_P21530
10258,orf virus,10090,mus musculus,P10889_Q2F862
10258,orf virus,10090,mus musculus,Q2F862_Q9Z126
10794,minute virus of mice,559292,saccharomyces cerevisiae s288c,P32835_Q1AE18
10794,minute virus of mice,10090,mus musculus,Q6P5F9_Q83414
10794,minute virus of mice,10090,mus musculus,P03134_P58774
10794,minute virus of mice,10090,mus musculus,P03134_Q60737
10794,minute virus of mice,10090,mus musculus,P03134_P21107
121791,nipah henipavirus,10090,mus musculus,O35393_Q9IH62
121791,nipah henipavirus,10090,mus musculus,O35393_Q4VCP5
121791,nipah henipavirus,10090,mus musculus,P0C1C7_Q60680
10254,vaccinia virus wr,10116,rattus norvegicus,P21605_P62752
10254,vaccinia virus wr,10116,rattus norvegicus,P37285_P68619
10254,vaccinia virus wr,10090,mus musculus,O88447_P68619
10254,vaccinia virus wr,10090,mus musculus,P24766_P84443
10254,vaccinia virus wr,10090,mus musculus,O88448_P68619
10254,vaccinia virus wr,10090,mus musculus,P12850_P24766
10254,vaccinia virus wr,10090,mus musculus,P21605_P63166
10254,vaccinia virus wr,10090,mus musculus,O55038_P24766
10254,vaccinia virus wr,10090,mus musculus,O88522_P24772
10254,vaccinia virus wr,10090,mus musculus,O35903_P24766
10254,vaccinia virus wr,10090,mus musculus,P24766_Q9JIL2
10389,marek's disease herpesvirus type 1 strain md5,10090,mus musculus,P09450_Q9DGW5
10389,marek's disease herpesvirus type 1 strain md5,9031,gallus gallus,P18870_Q9DGW5
10389,marek's disease herpesvirus type 1 strain md5,9031,gallus gallus,Q5ZIZ6_Q9DGW5
10389,marek's disease herpesvirus type 1 strain md5,9031,gallus gallus,P08106_Q9DGW5
37114,human papillomavirus type 55,3702,arabidopsis thaliana,P14712_Q80936
435895,human herpesvirus 8 type m,10090,mus musculus,P45481_P88946
82831,equid herpesvirus type 2 strain 86/87,10090,mus musculus,Q66677_Q9Z0H7
506350,influenza a virus (a/hong kong/1/1968(h3n2)),10090,mus musculus,Q910N6_Q9Z2V5
506350,influenza a virus (a/hong kong/1/1968(h3n2)),10090,mus musculus,P22435_Q9Z2V5
268305,bovine viral diarrhea virus 1-cp7,9913,bos taurus,P68103_Q96662
11622,lassa virus josiah,10090,mus musculus,P08669_P11438
11622,lassa virus josiah,10090,mus musculus,P08669_Q62165
11622,lassa virus josiah,9031,gallus gallus,A4VAR9_P08669
928302,hepatitis b virus c/ayr human/japan/okamoto,10090,mus musculus,Q69027_Q8VCF0
928302,hepatitis b virus c/ayr human/japan/okamoto,10090,mus musculus,Q69027_Q8C165
928302,hepatitis b virus c/ayr human/japan/okamoto,10090,mus musculus,G5E8K5_Q69027
928302,hepatitis b virus c/ayr human/japan/okamoto,10090,mus musculus,A2AS03_Q69027
11624,lymphocytic choriomeningitis virus (strain armstrong),10090,mus musculus,P18541_P63073
11628,machupo mammarenavirus,10090,mus musculus,P63073_Q6UY77
12136,cricket paralysis virus,7227,drosophila melanogaster,Q9IJX4_Q9VUQ5
358769,classical swine fever virus - alfort/187,9823,sus scrofa,F1RGL0_Q68871
358769,classical swine fever virus - alfort/187,9823,sus scrofa,A0ZVR0_Q68871
358769,classical swine fever virus - alfort/187,9823,sus scrofa,Q68871_Q764M6
358769,classical swine fever virus - alfort/187,9823,sus scrofa,F1RK46_Q68871
10407,hepatitis b virus,5855,plasmodium vivax,Q26195_Q8V1H6
10407,hepatitis b virus,9913,bos taurus,P00514_Q6XGM8
10407,hepatitis b virus,9913,bos taurus,P00515_Q6XGM8
10310,human alphaherpesvirus 2,10090,mus musculus,F6SEU4_G9I261
10313,human herpesvirus 2 strain 333,10090,mus musculus,O39988_Q6ZWX6
420174,hepatitis c virus isolate hc-j4,10116,rattus norvegicus,O92972_P35213
420174,hepatitis c virus isolate hc-j4,559292,saccharomyces cerevisiae s288c,O92972_P29311
420174,hepatitis c virus isolate hc-j4,10090,mus musculus,O92972_P06240
10643,cauliflower mosaic virus (strain bari 1),3702,arabidopsis thaliana,O49160_P16666
10643,cauliflower mosaic virus (strain bari 1),3702,arabidopsis thaliana,P16666_Q9FR53
10641,cauliflower mosaic virus,3702,arabidopsis thaliana,P84634_Q3HM11
10641,cauliflower mosaic virus,39947,oryza sativa japonica group,Q3HM11_Q71VM4
10390,gallid alphaherpesvirus 2,9031,gallus gallus,P18870_Q77Q71
10390,gallid alphaherpesvirus 2,9031,gallus gallus,P08998_Q69283
10390,gallid alphaherpesvirus 2,9031,gallus gallus,P18870_Q80IW5
10390,gallid alphaherpesvirus 2,9031,gallus gallus,P10360_Q77Q71
10560,bovine papillomavirus type 2,9913,bos taurus,Q0VC10_Q6XHB4
10243,cowpox virus,10090,mus musculus,P40224_Q8QMN0
10243,cowpox virus,10090,mus musculus,O55038_Q8QMN0
10243,cowpox virus,10090,mus musculus,O35903_Q8QMN0
11232,canine morbillivirus,9534,chlorocebus aethiops,Q4R4G0_Q6TV27
11232,canine morbillivirus,9534,chlorocebus aethiops,Q4R4G2_Q6TV27
11234,measles morbillivirus,9490,saguinus oedipus,E2RZS2_Q9GJT3
11234,measles morbillivirus,9534,chlorocebus aethiops,B8PZP6_Q4R4G0
11234,measles morbillivirus,9534,chlorocebus aethiops,B8PZP6_Q4R4G2
1891730,mus musculus polyomavirus 1,10116,rattus norvegicus,P0DOJ9_Q63787
1891730,mus musculus polyomavirus 1,10116,rattus norvegicus,P0DOJ9_P63331
1891730,mus musculus polyomavirus 1,10116,rattus norvegicus,P0DOJ9_Q5M824
1891730,mus musculus polyomavirus 1,10116,rattus norvegicus,P0DOJ9_Q4QQT4
1891730,mus musculus polyomavirus 1,10090,mus musculus,P0DOJ9_P98083
1891730,mus musculus polyomavirus 1,10090,mus musculus,P0DOJ6_P45481
1891730,mus musculus polyomavirus 1,10090,mus musculus,P0DOJ9_P26450
421879,hepatitis c virus isolate hcr6,10090,mus musculus,O88942_Q913V3
11142,murine hepatitis virus strain a59,10090,mus musculus,P11224_P31809
194699,bordetella virus bpp1,257310,bordetella bronchiseptica rb50,Q03035_Q775D6
194699,bordetella virus bpp1,518,bordetella bronchiseptica,Q03035_Q775D6
333284,hepatitis c virus (isolate con1),10116,rattus norvegicus,P05182_Q9WMX2
333284,hepatitis c virus (isolate con1),10090,mus musculus,P54116_Q9WMX2
11065,dengue virus 2 thailand/ngs-c/1944,10090,mus musculus,O88351_P14340
10714,corynephage omega,9823,sus scrofa,P00587_Q01580
392809,influenza a virus (a/victoria/3/1975(h3n2)),10090,mus musculus,P31345_P52293
10710,escherichia virus lambda,559292,saccharomyces cerevisiae s288c,P03772_P27476
10710,escherichia virus lambda,83333,escherichia coli k-12,P03689_Q46855
10710,escherichia virus lambda,83333,escherichia coli k-12,J3JZZ6_P33602
10710,escherichia virus lambda,83333,escherichia coli k-12,P03689_P0A8N0
10710,escherichia virus lambda,83333,escherichia coli k-12,P03767_P0A9E2
10710,escherichia virus lambda,83333,escherichia coli k-12,C6ZCZ0_P33369
10710,escherichia virus lambda,83333,escherichia coli k-12,P03702_P13458
10710,escherichia virus lambda,83333,escherichia coli k-12,C6ZCU8_P0AFT8
10710,escherichia virus lambda,83333,escherichia coli k-12,P03734_P45577
10710,escherichia virus lambda,83333,escherichia coli k-12,P03047_P67910
10710,escherichia virus lambda,83333,escherichia coli k-12,P03767_P16433
10710,escherichia virus lambda,83333,escherichia coli k-12,C6ZCZ0_P0AFT8
10710,escherichia virus lambda,83333,escherichia coli k-12,C6ZCZ0_P76500
10710,escherichia virus lambda,83333,escherichia coli k-12,P03767_P37194
10710,escherichia virus lambda,83333,escherichia coli k-12,P03734_P64534
10710,escherichia virus lambda,83333,escherichia coli k-12,P03734_P0A6G7
10710,escherichia virus lambda,83333,escherichia coli k-12,C6ZCX5_P64435
10710,escherichia virus lambda,83333,escherichia coli k-12,C6ZCU8_P0AF59
10710,escherichia virus lambda,83333,escherichia coli k-12,J3JZZ6_P75824
10710,escherichia virus lambda,83333,escherichia coli k-12,P03767_P0AF59
10710,escherichia virus lambda,83333,escherichia coli k-12,Q38267_Q46855
10710,escherichia virus lambda,83333,escherichia coli k-12,J3JZZ6_P13445
10710,escherichia virus lambda,83333,escherichia coli k-12,C6ZCX1_P0AE58
10710,escherichia virus lambda,83333,escherichia coli k-12,P03767_P69913
10710,escherichia virus lambda,83333,escherichia coli k-12,J3JZZ6_P0AFF6
10710,escherichia virus lambda,83333,escherichia coli k-12,P03734_P39405
10710,escherichia virus lambda,83333,escherichia coli k-12,P03047_Q46855
10710,escherichia virus lambda,83333,escherichia coli k-12,C6ZCV8_P0AFW2
10710,escherichia virus lambda,83333,escherichia coli k-12,P03767_P0A734
10710,escherichia virus lambda,83333,escherichia coli k-12,P03767_P08244
10710,escherichia virus lambda,83333,escherichia coli k-12,C6ZCY3_P0A734
10710,escherichia virus lambda,83333,escherichia coli k-12,J3JZZ6_P76270
10710,escherichia virus lambda,83333,escherichia coli k-12,J3JZZ6_P0A8N0
10710,escherichia virus lambda,83333,escherichia coli k-12,P03047_P76079
10710,escherichia virus lambda,83333,escherichia coli k-12,P03734_P39163
10710,escherichia virus lambda,83333,escherichia coli k-12,P03017_P03034
10710,escherichia virus lambda,83333,escherichia coli k-12,C6ZCY3_P31574
10710,escherichia virus lambda,83333,escherichia coli k-12,C6ZCU8_P0A734
10710,escherichia virus lambda,83333,escherichia coli k-12,C6ZCV8_P0A7L8
10710,escherichia virus lambda,83333,escherichia coli k-12,C6ZCV8_P0A8N0
10710,escherichia virus lambda,83333,escherichia coli k-12,P03702_P08394
10710,escherichia virus lambda,83333,escherichia coli k-12,C6ZCV8_P02359
10710,escherichia virus lambda,83333,escherichia coli k-12,P03767_P45766
10710,escherichia virus lambda,83333,escherichia coli k-12,C6ZCY3_P0AEJ8
10710,escherichia virus lambda,83333,escherichia coli k-12,P03700_P31062
10710,escherichia virus lambda,83333,escherichia coli k-12,P03767_P0A937
10710,escherichia virus lambda,83333,escherichia coli k-12,C6ZCV8_P75960
10710,escherichia virus lambda,83333,escherichia coli k-12,P03708_P31062
10710,escherichia virus lambda,83333,escherichia coli k-12,P00960_P03047
10710,escherichia virus lambda,83333,escherichia coli k-12,P03734_P0AAJ5
10710,escherichia virus lambda,83333,escherichia coli k-12,P03708_P31061
10710,escherichia virus lambda,83333,escherichia coli k-12,J3JZZ6_P18196
10710,escherichia virus lambda,83333,escherichia coli k-12,P03767_P76270
10710,escherichia virus lambda,83333,escherichia coli k-12,C6ZCX6_P0AEE1
10710,escherichia virus lambda,83333,escherichia coli k-12,J3JZZ6_P0ACT2
10710,escherichia virus lambda,83333,escherichia coli k-12,C6ZCX1_P39405
10710,escherichia virus lambda,83333,escherichia coli k-12,P03689_P19636
10710,escherichia virus lambda,83333,escherichia coli k-12,C6ZCV8_P0A9E2
10710,escherichia virus lambda,83333,escherichia coli k-12,P03767_P07026
10710,escherichia virus lambda,83333,escherichia coli k-12,P03689_P0A6E6
10710,escherichia virus lambda,83333,escherichia coli k-12,C6ZCY3_P76177
10710,escherichia virus lambda,83333,escherichia coli k-12,C6ZCZ0_P33343
10710,escherichia virus lambda,83333,escherichia coli k-12,C6ZCV8_P23862
10710,escherichia virus lambda,4932,saccharomyces cerevisiae,P03772_P27476
10710,escherichia virus lambda,10090,mus musculus,P03772_Q64702
10710,escherichia virus lambda,562,escherichia coli,C6ZCZ0_J7QZ11
10710,escherichia virus lambda,562,escherichia coli,C6ZCV8_J7QZ11
10710,escherichia virus lambda,562,escherichia coli,J7QZ11_P03734
11868,avian myelocytomatosis virus 29,9031,gallus gallus,P01110_P52162
28285,human adenovirus 5,10116,rattus norvegicus,O08769_P03255
28285,human adenovirus 5,10116,rattus norvegicus,P36876_Q6VGT1
28285,human adenovirus 5,10116,rattus norvegicus,P03255_Q63470
28285,human adenovirus 5,10116,rattus norvegicus,F1M589_P03243
28285,human adenovirus 5,10116,rattus norvegicus,O55164_P04489
28285,human adenovirus 5,10116,rattus norvegicus,P36876_Q2KRY9
28285,human adenovirus 5,559292,saccharomyces cerevisiae s288c,P03255_P14680
28285,human adenovirus 5,10090,mus musculus,P04489_Q6RHR9
28285,human adenovirus 5,10090,mus musculus,P03255_P45481
28285,human adenovirus 5,6239,caenorhabditis elegans,O01914_P03255
28285,human adenovirus 5,6239,caenorhabditis elegans,P03255_Q20747
28285,human adenovirus 5,7227,drosophila melanogaster,O46036_P03255
28285,human adenovirus 5,7227,drosophila melanogaster,P03255_P47825
10679,escherichia virus p2,83333,escherichia coli k-12,P07696_P0ACB0
10678,escherichia virus p1,83333,escherichia coli k-12,P0CE47_Q06259
28282,human adenovirus 12,10116,rattus norvegicus,O08769_P03259
28282,human adenovirus 12,10116,rattus norvegicus,O55164_P36709
28282,human adenovirus 12,10090,mus musculus,P36709_Q6RHR9
31520,equine herpesvirus type 1 (strain ab4p),9796,equus caballus,O62812_P28967
31525,human herpesvirus 4 strain cao,375286,janthinobacterium sp. marseille,A6SZC0_P29362
381517,influenza a virus (a/udorn/307/1972(h3n2)),9913,bos taurus,P03495_P23726
10367,murine cytomegalovirus (strain smith),10090,mus musculus,Q06A28_Q62172
10367,murine cytomegalovirus (strain smith),10090,mus musculus,O88522_Q06A28
10367,murine cytomegalovirus (strain smith),10090,mus musculus,Q06A28_Q60855
10366,murid betaherpesvirus 1,10090,mus musculus,Q06A28_Q62172
10571,bovine papillomavirus,10090,mus musculus,C5IAU5_P05622
11484,influenza a virus (a/whale/maine/1/84(h13n9)),10090,mus musculus,P01647_P05803
12115,foot-and-mouth disease virus (strain a24 cruzeiro),9913,bos taurus,P03309_Q28141
12118,foot-and-mouth disease virus - type o,9913,bos taurus,Q4A1L4_Q8UZC1
12118,foot-and-mouth disease virus - type o,9913,bos taurus,P48616_Q8UZC1
12118,foot-and-mouth disease virus - type o,9913,bos taurus,Q3ZBH9_Q8UZC1
404408,influenza a virus (a/chicken/shanxi/2/2006(h5n1)),9031,gallus gallus,A0MK22_Q5ZL99
404408,influenza a virus (a/chicken/shanxi/2/2006(h5n1)),9031,gallus gallus,A0A1D5PX68_A0MK22
404408,influenza a virus (a/chicken/shanxi/2/2006(h5n1)),9031,gallus gallus,A0MK22_Q5ZMF9
404408,influenza a virus (a/chicken/shanxi/2/2006(h5n1)),9031,gallus gallus,A0MK22_Q03669
404408,influenza a virus (a/chicken/shanxi/2/2006(h5n1)),9031,gallus gallus,A0MK22_H9L3L2
404408,influenza a virus (a/chicken/shanxi/2/2006(h5n1)),9031,gallus gallus,A0MK22_E1BX02
404408,influenza a virus (a/chicken/shanxi/2/2006(h5n1)),9031,gallus gallus,A0MK22_F7B5K7
404408,influenza a virus (a/chicken/shanxi/2/2006(h5n1)),9031,gallus gallus,A0MK22_Q5ZIW5
404408,influenza a virus (a/chicken/shanxi/2/2006(h5n1)),9031,gallus gallus,A0MK22_F1NXW3
404408,influenza a virus (a/chicken/shanxi/2/2006(h5n1)),9031,gallus gallus,A0MK22_E1BQU4
404408,influenza a virus (a/chicken/shanxi/2/2006(h5n1)),9031,gallus gallus,A0MK22_Q5ZJQ2
404408,influenza a virus (a/chicken/shanxi/2/2006(h5n1)),9031,gallus gallus,A0MK22_F1P179
404408,influenza a virus (a/chicken/shanxi/2/2006(h5n1)),9031,gallus gallus,A0MK22_Q8AWB7
404408,influenza a virus (a/chicken/shanxi/2/2006(h5n1)),9031,gallus gallus,A0MK22_Q9DEI0
404408,influenza a virus (a/chicken/shanxi/2/2006(h5n1)),9031,gallus gallus,A0MK22_E1C593
404408,influenza a virus (a/chicken/shanxi/2/2006(h5n1)),9031,gallus gallus,A0MK22_Q8AWB8
404408,influenza a virus (a/chicken/shanxi/2/2006(h5n1)),9031,gallus gallus,A0MK22_E1BV83
404408,influenza a virus (a/chicken/shanxi/2/2006(h5n1)),9031,gallus gallus,A0MK22_O13113
404408,influenza a virus (a/chicken/shanxi/2/2006(h5n1)),9031,gallus gallus,A0MK22_Q9DEA3
404408,influenza a virus (a/chicken/shanxi/2/2006(h5n1)),9031,gallus gallus,A0MK22_P14732
404408,influenza a virus (a/chicken/shanxi/2/2006(h5n1)),9031,gallus gallus,A0MK22_Q5ZJZ5
404408,influenza a virus (a/chicken/shanxi/2/2006(h5n1)),9031,gallus gallus,A0MK22_E1C2Z5
404408,influenza a virus (a/chicken/shanxi/2/2006(h5n1)),9031,gallus gallus,A0MK22_F1NBL6
404408,influenza a virus (a/chicken/shanxi/2/2006(h5n1)),9031,gallus gallus,A0MK22_F1N914
404408,influenza a virus (a/chicken/shanxi/2/2006(h5n1)),9031,gallus gallus,A0MK22_Q5ZHR4
404408,influenza a virus (a/chicken/shanxi/2/2006(h5n1)),9031,gallus gallus,A0MK22_F1P0K1
404408,influenza a virus (a/chicken/shanxi/2/2006(h5n1)),9031,gallus gallus,A0MK22_P47838
404408,influenza a virus (a/chicken/shanxi/2/2006(h5n1)),9031,gallus gallus,A0MK22_Q5ZMA1
404408,influenza a virus (a/chicken/shanxi/2/2006(h5n1)),9031,gallus gallus,A0A1L1S043_A0MK22
404408,influenza a virus (a/chicken/shanxi/2/2006(h5n1)),9031,gallus gallus,A0MK22_F1NBD0
404408,influenza a virus (a/chicken/shanxi/2/2006(h5n1)),9031,gallus gallus,A0MK22_Q5ZKV4
404408,influenza a virus (a/chicken/shanxi/2/2006(h5n1)),9031,gallus gallus,A0MK22_Q5ZLC5
404408,influenza a virus (a/chicken/shanxi/2/2006(h5n1)),9031,gallus gallus,A0MK22_P16039
404408,influenza a virus (a/chicken/shanxi/2/2006(h5n1)),9031,gallus gallus,A0MK22_Q5F386
404408,influenza a virus (a/chicken/shanxi/2/2006(h5n1)),9031,gallus gallus,A0MK22_F1P582
404408,influenza a virus (a/chicken/shanxi/2/2006(h5n1)),9031,gallus gallus,A0MK22_P84173
404408,influenza a virus (a/chicken/shanxi/2/2006(h5n1)),9031,gallus gallus,A0MK22_F1NB52
404408,influenza a virus (a/chicken/shanxi/2/2006(h5n1)),9031,gallus gallus,A0MK22_A2IAR9
404408,influenza a virus (a/chicken/shanxi/2/2006(h5n1)),9031,gallus gallus,A0MK22_Q5ZIF0
404408,influenza a virus (a/chicken/shanxi/2/2006(h5n1)),9031,gallus gallus,A0MK22_E1C3M4
404408,influenza a virus (a/chicken/shanxi/2/2006(h5n1)),9031,gallus gallus,A0MK22_E1C3M7
404408,influenza a virus (a/chicken/shanxi/2/2006(h5n1)),9031,gallus gallus,A0MK22_R4GFE1
404408,influenza a virus (a/chicken/shanxi/2/2006(h5n1)),9031,gallus gallus,A0MK22_E1BTX9
404408,influenza a virus (a/chicken/shanxi/2/2006(h5n1)),9031,gallus gallus,A0MK22_F1NYW0
404408,influenza a virus (a/chicken/shanxi/2/2006(h5n1)),9031,gallus gallus,A0MK22_F2Z4K7
404408,influenza a virus (a/chicken/shanxi/2/2006(h5n1)),9031,gallus gallus,A0MK22_F1NK96
404408,influenza a virus (a/chicken/shanxi/2/2006(h5n1)),9031,gallus gallus,A0A1D5PLH4_A0MK22
404408,influenza a virus (a/chicken/shanxi/2/2006(h5n1)),9031,gallus gallus,A0MK22_Q683M9
404408,influenza a virus (a/chicken/shanxi/2/2006(h5n1)),9031,gallus gallus,A0A1D5NTA0_A0MK22
404408,influenza a virus (a/chicken/shanxi/2/2006(h5n1)),9031,gallus gallus,A0MK22_Q90891
404408,influenza a virus (a/chicken/shanxi/2/2006(h5n1)),9031,gallus gallus,A0MK22_F1NV15
404408,influenza a virus (a/chicken/shanxi/2/2006(h5n1)),9031,gallus gallus,A0MK22_F1P458
404408,influenza a virus (a/chicken/shanxi/2/2006(h5n1)),9031,gallus gallus,A0MK22_Q5ZMN2
404408,influenza a virus (a/chicken/shanxi/2/2006(h5n1)),9031,gallus gallus,A0MK22_E1BR29
404408,influenza a virus (a/chicken/shanxi/2/2006(h5n1)),9031,gallus gallus,A0MK22_Q5ZMN3
404408,influenza a virus (a/chicken/shanxi/2/2006(h5n1)),9031,gallus gallus,A0MK22_E1BW27
404408,influenza a virus (a/chicken/shanxi/2/2006(h5n1)),9031,gallus gallus,A0MK22_Q5ZM75
404408,influenza a virus (a/chicken/shanxi/2/2006(h5n1)),9031,gallus gallus,A0MK22_E1BSS3
404408,influenza a virus (a/chicken/shanxi/2/2006(h5n1)),9031,gallus gallus,A0MK22_Q8JHF6
404408,influenza a virus (a/chicken/shanxi/2/2006(h5n1)),9031,gallus gallus,A0MK22_E1BV44
404408,influenza a virus (a/chicken/shanxi/2/2006(h5n1)),9031,gallus gallus,A0MK22_F1NSP8
404408,influenza a virus (a/chicken/shanxi/2/2006(h5n1)),9031,gallus gallus,A0MK22_H9KZF8
404408,influenza a virus (a/chicken/shanxi/2/2006(h5n1)),9031,gallus gallus,A0MK22_Q5ZM11
404408,influenza a virus (a/chicken/shanxi/2/2006(h5n1)),9031,gallus gallus,A0MK22_E1BQV4
404408,influenza a virus (a/chicken/shanxi/2/2006(h5n1)),9031,gallus gallus,A0MK22_F1P526
404408,influenza a virus (a/chicken/shanxi/2/2006(h5n1)),9031,gallus gallus,A0MK22_Q5ZJE2
404408,influenza a virus (a/chicken/shanxi/2/2006(h5n1)),9031,gallus gallus,A0MK22_Q71SF9
404408,influenza a virus (a/chicken/shanxi/2/2006(h5n1)),9031,gallus gallus,A0MK22_Q5ZL57
404408,influenza a virus (a/chicken/shanxi/2/2006(h5n1)),9031,gallus gallus,A0MK22_F1NT14
404408,influenza a virus (a/chicken/shanxi/2/2006(h5n1)),9031,gallus gallus,A0MK22_Q90828
404408,influenza a virus (a/chicken/shanxi/2/2006(h5n1)),9031,gallus gallus,A0MK22_Q5ZM62
404408,influenza a virus (a/chicken/shanxi/2/2006(h5n1)),9031,gallus gallus,A0A1D5PD64_A0MK22
404408,influenza a virus (a/chicken/shanxi/2/2006(h5n1)),9031,gallus gallus,A0MK22_Q5ZKL0
404408,influenza a virus (a/chicken/shanxi/2/2006(h5n1)),9031,gallus gallus,A0MK22_F1NBN1
404408,influenza a virus (a/chicken/shanxi/2/2006(h5n1)),9031,gallus gallus,A0MK22_Q5F357
404408,influenza a virus (a/chicken/shanxi/2/2006(h5n1)),9031,gallus gallus,A0MK22_Q5ZKB9
404408,influenza a virus (a/chicken/shanxi/2/2006(h5n1)),9031,gallus gallus,A0MK22_Q5ZMB8
404408,influenza a virus (a/chicken/shanxi/2/2006(h5n1)),9031,gallus gallus,A0MK22_Q5ZMS3
404408,influenza a virus (a/chicken/shanxi/2/2006(h5n1)),9031,gallus gallus,A0MK22_F1NU79
404408,influenza a virus (a/chicken/shanxi/2/2006(h5n1)),9031,gallus gallus,A0MK22_Q98TH5
404408,influenza a virus (a/chicken/shanxi/2/2006(h5n1)),9031,gallus gallus,A0A1D5PSP0_A0MK22
404408,influenza a virus (a/chicken/shanxi/2/2006(h5n1)),9031,gallus gallus,A0MK22_E1C4M3
404408,influenza a virus (a/chicken/shanxi/2/2006(h5n1)),9031,gallus gallus,A0MK22_E1C4M0
404408,influenza a virus (a/chicken/shanxi/2/2006(h5n1)),9031,gallus gallus,A0MK22_Q5F411
404408,influenza a virus (a/chicken/shanxi/2/2006(h5n1)),9031,gallus gallus,A0MK22_Q90732
404408,influenza a virus (a/chicken/shanxi/2/2006(h5n1)),9031,gallus gallus,A0MK22_Q5F348
404408,influenza a virus (a/chicken/shanxi/2/2006(h5n1)),9031,gallus gallus,A0MK22_P26990
404408,influenza a virus (a/chicken/shanxi/2/2006(h5n1)),9031,gallus gallus,A0MK22_P80896
404408,influenza a virus (a/chicken/shanxi/2/2006(h5n1)),9031,gallus gallus,A0MK22_P80897
404408,influenza a virus (a/chicken/shanxi/2/2006(h5n1)),9031,gallus gallus,A0MK22_F1NV57
404408,influenza a virus (a/chicken/shanxi/2/2006(h5n1)),9031,gallus gallus,A0MK22_R4GJK4
404408,influenza a virus (a/chicken/shanxi/2/2006(h5n1)),9031,gallus gallus,A0MK22_Q5ZKR8
404408,influenza a virus (a/chicken/shanxi/2/2006(h5n1)),9031,gallus gallus,A0MK22_E1C312
404408,influenza a virus (a/chicken/shanxi/2/2006(h5n1)),9031,gallus gallus,A0MK22_F1NUP9
404408,influenza a virus (a/chicken/shanxi/2/2006(h5n1)),9031,gallus gallus,A0MK22_Q5ZMP7
404408,influenza a virus (a/chicken/shanxi/2/2006(h5n1)),9031,gallus gallus,A0A1D5PL06_A0MK22
404408,influenza a virus (a/chicken/shanxi/2/2006(h5n1)),9031,gallus gallus,A0MK22_F1NCX7
404408,influenza a virus (a/chicken/shanxi/2/2006(h5n1)),9031,gallus gallus,A0MK22_F1NMC3
404408,influenza a virus (a/chicken/shanxi/2/2006(h5n1)),9031,gallus gallus,A0MK22_E1C6Q1
404408,influenza a virus (a/chicken/shanxi/2/2006(h5n1)),9031,gallus gallus,A0A1L1RNF8_A0MK22
404408,influenza a virus (a/chicken/shanxi/2/2006(h5n1)),9031,gallus gallus,A0MK22_F1NF89
404408,influenza a virus (a/chicken/shanxi/2/2006(h5n1)),9031,gallus gallus,A0MK22_F1NPA9
404408,influenza a virus (a/chicken/shanxi/2/2006(h5n1)),9031,gallus gallus,A0MK22_F1P4F1
404408,influenza a virus (a/chicken/shanxi/2/2006(h5n1)),9031,gallus gallus,A0MK22_Q5ZMD9
404408,influenza a virus (a/chicken/shanxi/2/2006(h5n1)),9031,gallus gallus,A0MK22_E1BXT5
404408,influenza a virus (a/chicken/shanxi/2/2006(h5n1)),9031,gallus gallus,A0MK22_F1NS48
404408,influenza a virus (a/chicken/shanxi/2/2006(h5n1)),9031,gallus gallus,A0MK22_F1N9I5
404408,influenza a virus (a/chicken/shanxi/2/2006(h5n1)),9031,gallus gallus,A0MK22_P32882
404408,influenza a virus (a/chicken/shanxi/2/2006(h5n1)),9031,gallus gallus,A0A1D5PIZ8_A0MK22
404408,influenza a virus (a/chicken/shanxi/2/2006(h5n1)),9031,gallus gallus,A0MK22_F1NZ68
404408,influenza a virus (a/chicken/shanxi/2/2006(h5n1)),9031,gallus gallus,A0A1D5PDV1_A0MK22
404408,influenza a virus (a/chicken/shanxi/2/2006(h5n1)),9031,gallus gallus,A0MK22_F1NKL4
404408,influenza a virus (a/chicken/shanxi/2/2006(h5n1)),9031,gallus gallus,A0MK22_Q5F470
404408,influenza a virus (a/chicken/shanxi/2/2006(h5n1)),9031,gallus gallus,A0MK22_Q5ZIT5
404408,influenza a virus (a/chicken/shanxi/2/2006(h5n1)),9031,gallus gallus,A0MK22_Q5ZJA5
404408,influenza a virus (a/chicken/shanxi/2/2006(h5n1)),9031,gallus gallus,A0MK22_E1BVB0
404408,influenza a virus (a/chicken/shanxi/2/2006(h5n1)),9031,gallus gallus,A0MK22_Q58I02
404408,influenza a virus (a/chicken/shanxi/2/2006(h5n1)),9031,gallus gallus,A0MK22_Q90988
404408,influenza a virus (a/chicken/shanxi/2/2006(h5n1)),9031,gallus gallus,A0MK22_R4GIQ2
404408,influenza a virus (a/chicken/shanxi/2/2006(h5n1)),9031,gallus gallus,A0MK22_Q5ZLZ0
404408,influenza a virus (a/chicken/shanxi/2/2006(h5n1)),9031,gallus gallus,A0MK22_F1NJ10
46930,human adenovirus 28,10116,rattus norvegicus,C4P226_Q62918
11077,kunjin virus,6728,procambarus clarkii,P45521_Q91CG6
10760,enterobacteria phage t7,83333,escherichia coli k-12,P00581_P0AA25
211044,influenza a virus (a/puerto rico/8/1934(h1n1)),9913,bos taurus,P03496_P23726
211044,influenza a virus (a/puerto rico/8/1934(h1n1)),9615,canis lupus familiaris,P03485_Q6TEQ7
211044,influenza a virus (a/puerto rico/8/1934(h1n1)),9615,canis lupus familiaris,P03485_Q7YQC6
211044,influenza a virus (a/puerto rico/8/1934(h1n1)),9615,canis lupus familiaris,O18840_P03485
11723,simian immunodeficiency virus,9031,gallus gallus,Q02842_Q5ZJL9
10832,tomato yellow leaf curl virus,3702,arabidopsis thaliana,Q764F6_Q9LDX1
10832,tomato yellow leaf curl virus,4081,solanum lycopersicum,A5YVF1_Q764F6
31634,dengue virus 2 thailand/16681/84,9913,bos taurus,P00974_P29990
11060,dengue virus 2,9598,pan troglodytes,H2R8B8_O92835
53369,staphylococcus phage 80alpha,1280,staphylococcus aureus,A4ZF81_Q7X3P4
648412,bombyx mori densovirus 3 isolate vd1/vd2,7091,bombyx mori,C7EMF0_Q4U3C3
648412,bombyx mori densovirus 3 isolate vd1/vd2,7091,bombyx mori,Q1HQ70_Q4U3C0
648412,bombyx mori densovirus 3 isolate vd1/vd2,7091,bombyx mori,Q1HPT9_Q4U3C3
648412,bombyx mori densovirus 3 isolate vd1/vd2,7091,bombyx mori,Q4U3C3_Q9BMQ7
648412,bombyx mori densovirus 3 isolate vd1/vd2,7091,bombyx mori,Q1HPK6_Q4U3C3
648412,bombyx mori densovirus 3 isolate vd1/vd2,7091,bombyx mori,O01953_Q4U3C0
648412,bombyx mori densovirus 3 isolate vd1/vd2,7091,bombyx mori,Q4U3C5_Q9BMQ7
648412,bombyx mori densovirus 3 isolate vd1/vd2,7091,bombyx mori,H9BVM4_Q4U3C3
648412,bombyx mori densovirus 3 isolate vd1/vd2,7091,bombyx mori,C4B7Z7_Q4U3C5
648412,bombyx mori densovirus 3 isolate vd1/vd2,7091,bombyx mori,Q4U3C2_Q9BMQ7
648412,bombyx mori densovirus 3 isolate vd1/vd2,7091,bombyx mori,C4B7Z7_Q4U3C3
648412,bombyx mori densovirus 3 isolate vd1/vd2,7091,bombyx mori,Q4U3C3_Q9XY10
648412,bombyx mori densovirus 3 isolate vd1/vd2,7091,bombyx mori,Q4U3C6_Q5UAN9
648412,bombyx mori densovirus 3 isolate vd1/vd2,7091,bombyx mori,H9BVM5_Q4U3C3
648412,bombyx mori densovirus 3 isolate vd1/vd2,7091,bombyx mori,Q4U3C2_Q5UAN9
223341,tomato golden mosaic virus-yellow vein,3702,arabidopsis thaliana,P03562_Q946J8
223341,tomato golden mosaic virus-yellow vein,3702,arabidopsis thaliana,O82175_P03562
223341,tomato golden mosaic virus-yellow vein,3702,arabidopsis thaliana,P03562_Q8VZ17
223341,tomato golden mosaic virus-yellow vein,3702,arabidopsis thaliana,O22781_P03562
223341,tomato golden mosaic virus-yellow vein,3702,arabidopsis thaliana,P03567_Q5HZ38
223341,tomato golden mosaic virus-yellow vein,3702,arabidopsis thaliana,P03562_Q8GZB6
223341,tomato golden mosaic virus-yellow vein,3702,arabidopsis thaliana,P03567_Q93V58
10315,human herpesvirus 2 strain hg52,284812,schizosaccharomyces pombe 972h-,P68336_P87310
10315,human herpesvirus 2 strain hg52,284812,schizosaccharomyces pombe 972h-,P68336_P87306
12042,beet western yellows virus,3702,arabidopsis thaliana,Q8JZ12_Q94AH6
11045,rubella virus strain therien,9534,chlorocebus aethiops,P07566_Q9MZE0
11044,rubella virus vaccine strain ra27/3,9534,chlorocebus aethiops,O40955_Q9MZE0
10376,human gammaherpesvirus 4,748671,lactobacillus crispatus st1,D5H2E2_M1FZY5
10376,human gammaherpesvirus 4,748671,lactobacillus crispatus st1,D5H2E2_P0C738
10376,human gammaherpesvirus 4,748671,lactobacillus crispatus st1,D5H2E2_G3E2M5
10376,human gammaherpesvirus 4,10090,mus musculus,P03203_P31266
10376,human gammaherpesvirus 4,10090,mus musculus,P31266_Q69138
10376,human gammaherpesvirus 4,10090,mus musculus,P31266_Q69139
10376,human gammaherpesvirus 4,375286,janthinobacterium sp. marseille,A6SZC0_Q3KSR7
10376,human gammaherpesvirus 4,375286,janthinobacterium sp. marseille,A6SZC0_P0C738
10376,human gammaherpesvirus 4,375286,janthinobacterium sp. marseille,A6SZC0_Q3KSS3
10376,human gammaherpesvirus 4,375286,janthinobacterium sp. marseille,A6SZC0_Q3KSQ7
10376,human gammaherpesvirus 4,375286,janthinobacterium sp. marseille,A6SZC0_P0C736
10377,human herpesvirus 4 strain b95-8,9601,pongo abelii,Q5RAG8_Q8AZK7
10377,human herpesvirus 4 strain b95-8,9601,pongo abelii,Q5RBT4_Q8AZK7
10377,human herpesvirus 4 strain b95-8,9601,pongo abelii,Q5REY2_Q8AZK7
10377,human herpesvirus 4 strain b95-8,9601,pongo abelii,Q5R5A1_Q8AZK7
10377,human herpesvirus 4 strain b95-8,748671,lactobacillus crispatus st1,D5H2E2_P03219
10377,human herpesvirus 4 strain b95-8,748671,lactobacillus crispatus st1,D5H2E2_P03199
10377,human herpesvirus 4 strain b95-8,9913,bos taurus,Q5E9A3_Q8AZK7
10377,human herpesvirus 4 strain b95-8,9913,bos taurus,Q3T133_Q8AZK7
10377,human herpesvirus 4 strain b95-8,9913,bos taurus,Q3T0B7_Q8AZK7
10377,human herpesvirus 4 strain b95-8,9913,bos taurus,Q3MHL3_Q8AZK7
10377,human herpesvirus 4 strain b95-8,9913,bos taurus,Q5E971_Q8AZK7
10377,human herpesvirus 4 strain b95-8,9913,bos taurus,Q3SWX8_Q8AZK7
10377,human herpesvirus 4 strain b95-8,9913,bos taurus,P79136_Q8AZK7
10377,human herpesvirus 4 strain b95-8,10090,mus musculus,Q8AZK7_Q9JLV1
10377,human herpesvirus 4 strain b95-8,10090,mus musculus,O54918_P03182
10377,human herpesvirus 4 strain b95-8,10090,mus musculus,P03228_P07141
10377,human herpesvirus 4 strain b95-8,10090,mus musculus,Q8AZK7_Q99020
10377,human herpesvirus 4 strain b95-8,10090,mus musculus,Q8AZK7_Q8BP67
10377,human herpesvirus 4 strain b95-8,10090,mus musculus,O08734_P03182
10377,human herpesvirus 4 strain b95-8,10090,mus musculus,P03228_P09581
10377,human herpesvirus 4 strain b95-8,8364,xenopus tropicalis,Q6PBC4_Q8AZK7
10377,human herpesvirus 4 strain b95-8,258594,rhodopseudomonas palustris cga009,P62223_Q8AZK7
10377,human herpesvirus 4 strain b95-8,83333,escherichia coli k-12,P0ACJ8_Q8AZK7
10377,human herpesvirus 4 strain b95-8,83333,escherichia coli k-12,P0A6T5_Q8AZK7
10377,human herpesvirus 4 strain b95-8,83333,escherichia coli k-12,P0A8G6_Q8AZK7
10377,human herpesvirus 4 strain b95-8,83333,escherichia coli k-12,P0A9L3_Q8AZK7
10377,human herpesvirus 4 strain b95-8,7955,danio rerio,Q7ZWJ7_Q8AZK7
10377,human herpesvirus 4 strain b95-8,83334,escherichia coli o157:h7,Q7ABI1_Q8AZK7
10377,human herpesvirus 4 strain b95-8,375286,janthinobacterium sp. marseille,A6SZC0_P03192
10377,human herpesvirus 4 strain b95-8,375286,janthinobacterium sp. marseille,A6SZC0_Q8AZK7
10377,human herpesvirus 4 strain b95-8,9940,ovis aries,Q6Q311_Q8AZK7
10377,human herpesvirus 4 strain b95-8,9796,equus caballus,Q8AZK7_Q9GKX7
10377,human herpesvirus 4 strain b95-8,9796,equus caballus,Q8AZK7_Q9GKX8
10377,human herpesvirus 4 strain b95-8,6239,caenorhabditis elegans,P12978_Q20747
10377,human herpesvirus 4 strain b95-8,6239,caenorhabditis elegans,O01914_P12978
10377,human herpesvirus 4 strain b95-8,9598,pan troglodytes,Q5R1W9_Q8AZK7
10377,human herpesvirus 4 strain b95-8,34839,chinchilla lanigera,Q6QMZ8_Q8AZK7
10377,human herpesvirus 4 strain b95-8,10116,rattus norvegicus,P12749_Q8AZK7
10377,human herpesvirus 4 strain b95-8,10116,rattus norvegicus,P15999_Q8AZK7
10377,human herpesvirus 4 strain b95-8,10116,rattus norvegicus,Q6AY23_Q8AZK7
10377,human herpesvirus 4 strain b95-8,10116,rattus norvegicus,Q5XIH7_Q8AZK7
10377,human herpesvirus 4 strain b95-8,10116,rattus norvegicus,P15791_Q8AZK7
10377,human herpesvirus 4 strain b95-8,7998,ictalurus punctatus,Q8AZK7_Q90YQ8
10377,human herpesvirus 4 strain b95-8,9541,macaca fascicularis,P61270_Q8AZK7
10377,human herpesvirus 4 strain b95-8,9541,macaca fascicularis,Q28480_Q8AZK7
928306,moloney murine leukemia virus isolate shinnick,10090,mus musculus,P03332_Q9QZK7
928306,moloney murine leukemia virus isolate shinnick,10090,mus musculus,P03332_P63037
928306,moloney murine leukemia virus isolate shinnick,10090,mus musculus,P03332_Q9JKF1
928306,moloney murine leukemia virus isolate shinnick,10090,mus musculus,P03332_P40142
928306,moloney murine leukemia virus isolate shinnick,10090,mus musculus,P03332_P27870
73475,chicken anemia virus cuxhaven-1/germany,10090,mus musculus,P26450_Q99152
928300,cricket paralysis virus teleogryllus commodus/australia/crpvvic/1968,7227,drosophila melanogaster,Q9IJX4_Q9VUQ5
11049,lelystad virus,9823,sus scrofa,A0A068CA64_Q04561
11049,lelystad virus,9823,sus scrofa,A5D9M6_Q04561
333760,human papillomavirus type 16,9913,bos taurus,O19137_P03120
333760,human papillomavirus type 16,9913,bos taurus,P03120_P79101
333760,human papillomavirus type 16,9913,bos taurus,P03120_Q10569
333760,human papillomavirus type 16,9913,bos taurus,K02718_P01966
333760,human papillomavirus type 16,9913,bos taurus,P03120_Q10568
333760,human papillomavirus type 16,10090,mus musculus,O08696_P03129
333760,human papillomavirus type 16,10090,mus musculus,P03126_Q6RHR9
333760,human papillomavirus type 16,9823,sus scrofa,K02718_P01965
333760,human papillomavirus type 16,9986,oryctolagus cuniculus,K02718_P01948
333760,human papillomavirus type 16,9940,ovis aries,K02718_P68240
333760,human papillomavirus type 16,9031,gallus gallus,P03126_P49024
333760,human papillomavirus type 16,-1,NA,P03126_U50603
333760,human papillomavirus type 16,8932,columba livia,K02718_P21871
333760,human papillomavirus type 16,10116,rattus norvegicus,K02718_P01946
333761,human papillomavirus type 18,10116,rattus norvegicus,O55164_P06463
333761,human papillomavirus type 18,10090,mus musculus,P06463_Q811D0
333761,human papillomavirus type 18,10090,mus musculus,P06463_Q6RHR9
12360,staphylococcus phage 11,1280,staphylococcus aureus,Q8SDV3_Q9F0J8
1605972,cricetid gammaherpesvirus 2,10090,mus musculus,E9M5R0_P10855
1605972,cricetid gammaherpesvirus 2,10090,mus musculus,E9M5R0_P10148
36408,measles virus strain aik-c,10090,mus musculus,P35977_Q60680
36409,rinderpest virus (strain rbok),9534,chlorocebus aethiops,Q03340_Q4R4G0
36409,rinderpest virus (strain rbok),9534,chlorocebus aethiops,Q03340_Q4R4G2
337052,deltapapillomavirus 4,559292,saccharomyces cerevisiae s288c,P03122_P29055
337052,deltapapillomavirus 4,9913,bos taurus,P06931_Q9TS83
337052,deltapapillomavirus 4,10090,mus musculus,P03122_Q9ESU6
337052,deltapapillomavirus 4,10090,mus musculus,P06931_Q08879
337052,deltapapillomavirus 4,10090,mus musculus,A2AN08_P06933
337052,deltapapillomavirus 4,9031,gallus gallus,P06931_P49024
31604,small ruminant morbillivirus,9534,chlorocebus aethiops,Q4R4G2_Q5ZER6
31604,small ruminant morbillivirus,9534,chlorocebus aethiops,Q4R4G0_Q5ZER6
